Sample_ID;seq_ID;count;total_seq;percent;clade
64_C1_T0+6M;C3d;142;3867;0.036720972;C
64_C1_T0+6M;C21;157;3867;0.040599948;C
64_C1_T0+6M;C31.10;1200;3867;0.310318076;C
64_C1_T0+6M;C21.11;152;3867;0.039306956;C
64_C1_T0+6M;C161;550;3867;0.142229118;C
64_C1_T0+6M;C21.14;44;3867;0.011378329;C
64_C1_T0+6M;C17;696;3867;0.179984484;C
64_C1_T0+6M;C17a;70;3867;0.018101888;C
64_C1_T0+6M;C31c;626;3867;0.161882596;C
64_C1_T0+6M;C26.b2;102;3867;0.026377036;C
64_C1_T0+6M;C26.b1;128;3867;0.033100595;C
60_C1_T0+6M;D5;63;3617;0.01741775;D
60_C1_T0+6M;D1a;579;3617;0.160077412;D
60_C1_T0+6M;D2.2;99;3617;0.027370749;D
60_C1_T0+6M;D10;121;3617;0.033453138;D
60_C1_T0+6M;C17.2;234;3617;0.064694498;C
60_C1_T0+6M;D9;149;3617;0.04119436;D
60_C1_T0+6M;D6;487;3617;0.134641968;D
60_C1_T0+6M;D3;33;3617;0.009123583;D
60_C1_T0+6M;D1.6;43;3617;0.011888305;D
60_C1_T0+6M;D17;1393;3617;0.385125795;D
60_C1_T0+6M;D1;416;3617;0.115012441;D
64Y_C1_T0+6M;C163b;235;4427;0.053083352;C
64Y_C1_T0+6M;C17;691;4427;0.156087644;C
64Y_C1_T0+6M;C31a;151;4427;0.034108877;C
64Y_C1_T0+6M;C31.10;167;4427;0.037723063;C
64Y_C1_T0+6M;C2r;149;4427;0.033657104;C
64Y_C1_T0+6M;C31c;175;4427;0.039530156;C
64Y_C1_T0+6M;C26.b1;94;4427;0.021233341;C
64Y_C1_T0+6M;C3d;117;4427;0.026428733;C
64Y_C1_T0+6M;C26.b2;95;4427;0.021459227;C
64Y_C1_T0+6M;C21.11;79;4427;0.017845042;C
64Y_C1_T0+6M;C31.6;185;4427;0.041789022;C
64Y_C1_T0+6M;C17.2;1047;4427;0.236503275;C
64Y_C1_T0+6M;C31;743;4427;0.167833747;C
64Y_C1_T0+6M;C21;90;4427;0.020329794;C
64Y_C1_T0+6M;C161;409;4427;0.092387621;C
19_C1_T0+6M;C31.9;69;6067;0.011373001;C
19_C1_T0+6M;C163b;314;6067;0.051755398;C
19_C1_T0+6M;C21.11;109;6067;0.017966046;C
19_C1_T0+6M;C161;457;6067;0.075325532;C
19_C1_T0+6M;C17;759;6067;0.125103016;C
19_C1_T0+6M;C31.6;369;6067;0.060820834;C
19_C1_T0+6M;C31a;253;6067;0.041701005;C
19_C1_T0+6M;C26.b1;124;6067;0.020438437;C
19_C1_T0+6M;C31;1486;6067;0.244931597;C
19_C1_T0+6M;C21;115;6067;0.018955002;C
19_C1_T0+6M;C2r;189;6067;0.031152134;C
19_C1_T0+6M;C26.b2;106;6067;0.017471567;C
19_C1_T0+6M;C31c;310;6067;0.051096094;C
19_C1_T0+6M;C31.10;225;6067;0.037085874;C
19_C1_T0+6M;C17.2;1069;6067;0.17619911;C
19_C1_T0+6M;C3d;113;6067;0.01862535;C
60_S1_T0+6M;D1a;736;4314;0.170607325;D
60_S1_T0+6M;D17;1867;4314;0.432777005;D
60_S1_T0+6M;D2.2;102;4314;0.02364395;D
60_S1_T0+6M;D6;622;4314;0.144181734;D
60_S1_T0+6M;D9;180;4314;0.041724618;D
60_S1_T0+6M;D1.6;45;4314;0.010431154;D
60_S1_T0+6M;D5;76;4314;0.017617061;D
60_S1_T0+6M;D1;469;4314;0.108715809;D
60_S1_T0+6M;D3;51;4314;0.011821975;D
60_S1_T0+6M;D10;166;4314;0.038479369;D
64_S1_T0+6M;C163b;121;2973;0.04069963;C
64_S1_T0+6M;C31.6;207;2973;0.06962664;C
64_S1_T0+6M;C31.10;117;2973;0.039354188;C
64_S1_T0+6M;C31;995;2973;0.334678776;C
64_S1_T0+6M;C3d;35;2973;0.01177262;C
64_S1_T0+6M;C17.2;272;2973;0.091490077;C
64_S1_T0+6M;C31.1;263;2973;0.088462832;C
64_S1_T0+6M;C31.5;48;2973;0.016145308;C
64_S1_T0+6M;C17;261;2973;0.087790111;C
64_S1_T0+6M;C26.b2;33;2973;0.011099899;C
64_S1_T0+6M;C21;41;2973;0.013790784;C
64_S1_T0+6M;C2r;57;2973;0.019172553;C
64_S1_T0+6M;C31c;192;2973;0.064581231;C
64_S1_T0+6M;C26.b1;46;2973;0.015472587;C
64_S1_T0+6M;C161;123;2973;0.041372351;C
64_S1_T0+6M;C31a;162;2973;0.054490414;C
64Y_S1_T0+6M;C3d;58;2683;0.021617592;C
64Y_S1_T0+6M;C21.11;68;2683;0.025344763;C
64Y_S1_T0+6M;C31c;95;2683;0.035408125;C
64Y_S1_T0+6M;C31a;65;2683;0.024226612;C
64Y_S1_T0+6M;C161;248;2683;0.092433843;C
64Y_S1_T0+6M;C17.2;652;2683;0.243011554;C
64Y_S1_T0+6M;C2r;94;2683;0.035035408;C
64Y_S1_T0+6M;C31;510;2683;0.190085725;C
64Y_S1_T0+6M;C31.6;124;2683;0.046216921;C
64Y_S1_T0+6M;C21;54;2683;0.020126724;C
64Y_S1_T0+6M;C163b;130;2683;0.048453224;C
64Y_S1_T0+6M;C17;387;2683;0.144241521;C
64Y_S1_T0+6M;C31.10;84;2683;0.031308237;C
64Y_S1_T0+6M;C26.b2;58;2683;0.021617592;C
64Y_S1_T0+6M;C26.b1;56;2683;0.020872158;C
19_S1_T0+6M;C2r;82;2825;0.029026549;C
19_S1_T0+6M;C31a;116;2825;0.041061947;C
19_S1_T0+6M;C26.b1;83;2825;0.029380531;C
19_S1_T0+6M;C21.11;58;2825;0.020530973;C
19_S1_T0+6M;C31;760;2825;0.269026549;C
19_S1_T0+6M;C161;247;2825;0.087433628;C
19_S1_T0+6M;C31.6;145;2825;0.051327434;C
19_S1_T0+6M;C17;363;2825;0.128495575;C
19_S1_T0+6M;C31c;133;2825;0.047079646;C
19_S1_T0+6M;C17.2;465;2825;0.16460177;C
19_S1_T0+6M;C3d;46;2825;0.016283186;C
19_S1_T0+6M;C163b;158;2825;0.055929204;C
19_S1_T0+6M;C31.10;111;2825;0.039292035;C
19_S1_T0+6M;C21;58;2825;0.020530973;C
58_C1_T0+6M;D9;21;1015;0.020689655;D
58_C1_T0+6M;D4;19;1015;0.018719212;D
58_C1_T0+6M;D1a;120;1015;0.118226601;D
58_C1_T0+6M;D1;48;1015;0.04729064;D
58_C1_T0+6M;D17;512;1015;0.504433498;D
58_C1_T0+6M;D6;127;1015;0.125123153;D
58_C1_T0+6M;C17.2;64;1015;0.063054187;C
58_C1_T0+6M;D10;13;1015;0.012807882;D
58_C1_T0+6M;C31;74;1015;0.072906404;C
58_C1_T0+6M;D1.6;17;1015;0.016748768;D
58_S1_T0+6M;D1a;216;1756;0.123006834;D
58_S1_T0+6M;D17;908;1756;0.517084282;D
58_S1_T0+6M;D10;34;1756;0.019362187;D
58_S1_T0+6M;C161;57;1756;0.032460137;D
58_S1_T0+6M;D1;91;1756;0.051822323;D
58_S1_T0+6M;D1.6;24;1756;0.013667426;D
58_S1_T0+6M;D6;216;1756;0.123006834;D
58_S1_T0+6M;C31;84;1756;0.047835991;C
58_S1_T0+6M;D9;39;1756;0.022209567;D
58_S1_T0+6M;C17.2;87;1756;0.049544419;C
58_C1_T0-18h;C17.2;85;1628;0.052211302;C
58_C1_T0-18h;D1.6;24;1628;0.014742015;D
58_C1_T0-18h;D2.2;25;1628;0.015356265;D
58_C1_T0-18h;D17;800;1628;0.491400491;D
58_C1_T0-18h;D6;190;1628;0.116707617;D
58_C1_T0-18h;C161;57;1628;0.035012285;C
58_C1_T0-18h;C31;99;1628;0.060810811;C
58_C1_T0-18h;D9;30;1628;0.018427518;D
58_C1_T0-18h;D10;24;1628;0.014742015;D
58_C1_T0-18h;D1;80;1628;0.049140049;D
58_C1_T0-18h;D1a;214;1628;0.131449631;D
19_S2_T0-18h;C17.2;209;1030;0.202912621;C
19_S2_T0-18h;C21.14;19;1030;0.018446602;C
19_S2_T0-18h;C3d;32;1030;0.031067961;C
19_S2_T0-18h;C31;184;1030;0.178640777;C
19_S2_T0-18h;C21.11;16;1030;0.015533981;C
19_S2_T0-18h;C31.6;23;1030;0.022330097;C
19_S2_T0-18h;C31a;23;1030;0.022330097;C
19_S2_T0-18h;C31.9;81;1030;0.078640777;C
19_S2_T0-18h;C163b;51;1030;0.049514563;C
19_S2_T0-18h;D17;31;1030;0.030097087;D
19_S2_T0-18h;C2r;41;1030;0.039805825;C
19_S2_T0-18h;C161;85;1030;0.082524272;C
19_S2_T0-18h;C31.10;54;1030;0.052427184;C
19_S2_T0-18h;C17;92;1030;0.089320388;C
19_S2_T0-18h;C21;26;1030;0.025242718;C
19_S2_T0-18h;C31.5;30;1030;0.029126214;C
19_S2_T0-18h;C31c;33;1030;0.032038835;C
64Y_S2_T0-18h;C31a;62;1914;0.032392894;C
64Y_S2_T0-18h;C31.6;27;1914;0.014106583;C
64Y_S2_T0-18h;C17;201;1914;0.105015674;C
64Y_S2_T0-18h;C31.10;61;1914;0.031870428;C
64Y_S2_T0-18h;C31c;59;1914;0.030825496;C
64Y_S2_T0-18h;C21.14;29;1914;0.015151515;C
64Y_S2_T0-18h;C2r;103;1914;0.053814002;C
64Y_S2_T0-18h;C31.5;27;1914;0.014106583;C
64Y_S2_T0-18h;C17.2;468;1914;0.244514107;C
64Y_S2_T0-18h;C161;160;1914;0.083594566;C
64Y_S2_T0-18h;C163b;81;1914;0.042319749;C
64Y_S2_T0-18h;D17;69;1914;0.036050157;D
64Y_S2_T0-18h;C21;46;1914;0.024033438;C
64Y_S2_T0-18h;C31.1;27;1914;0.014106583;C
64Y_S2_T0-18h;C31;406;1914;0.212121212;C
64Y_S2_T0-18h;C3d;57;1914;0.029780564;C
64Y_S2_T0-18h;C31.9;31;1914;0.016196447;C
60_S2_T0-18h;C17.2;118;1852;0.063714903;C
60_S2_T0-18h;D10;25;1852;0.01349892;D
60_S2_T0-18h;D9;33;1852;0.017818575;D
60_S2_T0-18h;D6;194;1852;0.10475162;D
60_S2_T0-18h;C31;114;1852;0.061555076;C
60_S2_T0-18h;D1.6;31;1852;0.016738661;D
60_S2_T0-18h;D17;897;1852;0.484341253;D
60_S2_T0-18h;C161;70;1852;0.037796976;C
60_S2_T0-18h;D1;93;1852;0.050215983;D
60_S2_T0-18h;D1a;229;1852;0.123650108;D
60_S2_T0-18h;D5;21;1852;0.011339093;D
60_S2_T0-18h;D2.2;27;1852;0.014578834;D
64_S2_T0-18h;C31c;63;1943;0.032424086;C
64_S2_T0-18h;C3d;40;1943;0.020586722;C
64_S2_T0-18h;C31.6;39;1943;0.020072054;C
64_S2_T0-18h;C31a;74;1943;0.038085435;C
64_S2_T0-18h;C17.2;297;1943;0.152856408;C
64_S2_T0-18h;C163b;110;1943;0.056613484;C
64_S2_T0-18h;D17;56;1943;0.02882141;D
64_S2_T0-18h;C21;47;1943;0.024189398;C
64_S2_T0-18h;C21.11;37;1943;0.019042717;C
64_S2_T0-18h;C31.5;38;1943;0.019557385;C
64_S2_T0-18h;C31.9;50;1943;0.025733402;C
64_S2_T0-18h;C31;609;1943;0.313432836;C
64_S2_T0-18h;C17;137;1943;0.070509521;C
64_S2_T0-18h;C2r;102;1943;0.05249614;C
64_S2_T0-18h;C31.10;94;1943;0.048378796;C
64_S2_T0-18h;C161;150;1943;0.077200206;C
92_C1_T0+6M;C26.b2;88;6994;0.012582213;C
92_C1_T0+6M;C31c;32;6994;0.00457535;C
92_C1_T0+6M;C21;37;6994;0.005290249;C
92_C1_T0+6M;C17a;94;6994;0.013440092;C
92_C1_T0+6M;C31;180;6994;0.025736345;C
92_C1_T0+6M;C31.6;87;6994;0.012439234;C
92_C1_T0+6M;C31a;171;6994;0.024449528;C
92_C1_T0+6M;C21.11;67;6994;0.00957964;C
92_C1_T0+6M;C163b;24;6994;0.003431513;C
92_C1_T0+6M;C26.b1;135;6994;0.019302259;C
92_C1_T0+6M;C31.10;33;6994;0.00471833;C
92_C1_T0+6M;C3d;2227;6994;0.318415785;C
92_C1_T0+6M;C17;701;6994;0.100228768;C
92_C1_T0+6M;C2r;1571;6994;0.224621104;C
92_C1_T0+6M;C17.2;1522;6994;0.217615099;C
92_C1_T0+6M;C161;25;6994;0.003574492;C
90_S1_T0+6M;C26.b1;97;4693;0.020669082;C
90_S1_T0+6M;C31c;30;4693;0.006392499;C
90_S1_T0+6M;C31.9;84;4693;0.017898999;C
90_S1_T0+6M;C3d;1373;4693;0.292563392;C
90_S1_T0+6M;C21.11;30;4693;0.006392499;C
90_S1_T0+6M;C17;442;4693;0.094182825;C
90_S1_T0+6M;C31.5;105;4693;0.022373748;C
90_S1_T0+6M;C31.10;54;4693;0.011506499;C
90_S1_T0+6M;C17.2;1007;4693;0.214574899;C
90_S1_T0+6M;C161;9;4693;0.00191775;C
90_S1_T0+6M;C26.b2;90;4693;0.019177498;C
90_S1_T0+6M;C163b;10;4693;0.002130833;C
90_S1_T0+6M;C31a;166;4693;0.03537183;C
90_S1_T0+6M;C31.6;72;4693;0.015341999;C
90_S1_T0+6M;C2r;976;4693;0.207969316;C
90_S1_T0+6M;C21;21;4693;0.00447475;C
90_S1_T0+6M;C31;136;4693;0.028979331;C
92_C1_T0-18h;C2r;1024;4588;0.223190933;C
92_C1_T0-18h;C21;28;4588;0.006102877;C
92_C1_T0-18h;C31;131;4588;0.028552746;C
92_C1_T0-18h;C17;421;4588;0.091761116;C
92_C1_T0-18h;C31.10;15;4588;0.003269398;C
92_C1_T0-18h;C3d;1469;4588;0.320183086;C
92_C1_T0-18h;C21.11;38;4588;0.008282476;C
92_C1_T0-18h;C26.b2;69;4588;0.015039233;C
92_C1_T0-18h;C31.6;41;4588;0.008936356;C
92_C1_T0-18h;C163b;23;4588;0.005013078;C
92_C1_T0-18h;C31c;12;4588;0.002615519;C
92_C1_T0-18h;C31a;118;4588;0.025719268;C
92_C1_T0-18h;C17a;53;4588;0.011551874;C
92_C1_T0-18h;C26.b1;92;4588;0.02005231;C
92_C1_T0-18h;C17.2;1033;4588;0.225152572;C
92_C1_T0-18h;C161;21;4588;0.004577158;C
60_C1_T0-18h;D10;548;4679;0.117119043;D
60_C1_T0-18h;D9;218;4679;0.046591152;D
60_C1_T0-18h;D3;79;4679;0.01688395;D
60_C1_T0-18h;D4;42;4679;0.008976277;D
60_C1_T0-18h;D2.2;260;4679;0.055567429;D
60_C1_T0-18h;D1;540;4679;0.115409275;D
60_C1_T0-18h;D1a;219;4679;0.046804873;D
60_C1_T0-18h;D17;2119;4679;0.452874546;D
60_C1_T0-18h;D1.6;50;4679;0.010686044;D
60_C1_T0-18h;D5;213;4679;0.045522548;D
60_C1_T0-18h;D6;391;4679;0.083564864;D
64_C1_T0-18h;C31c;36;6027;0.005973121;C
64_C1_T0-18h;C163b;33;6027;0.005475361;C
64_C1_T0-18h;C3d;1645;6027;0.272938444;C
64_C1_T0-18h;C31.5;22;6027;0.003650241;C
64_C1_T0-18h;C21;29;6027;0.004811681;C
64_C1_T0-18h;C2r;1293;6027;0.214534594;C
64_C1_T0-18h;C17.2;1205;6027;0.199933632;C
64_C1_T0-18h;C31.10;37;6027;0.006139041;C
64_C1_T0-18h;C161;16;6027;0.00265472;C
64_C1_T0-18h;C31a;358;6027;0.05939937;C
64_C1_T0-18h;C21.11;47;6027;0.007798241;C
64_C1_T0-18h;C31;377;6027;0.06255185;C
64_C1_T0-18h;C17;517;6027;0.085780654;C
64_C1_T0-18h;C31.9;22;6027;0.003650241;C
64_C1_T0-18h;C26.b2;125;6027;0.020740003;C
64_C1_T0-18h;C31.6;146;6027;0.024224324;C
64_C1_T0-18h;C26.b1;119;6027;0.019744483;C
19_C1_T0-18h;C31c;31;6352;0.004880353;C
19_C1_T0-18h;C26.b1;139;6352;0.021882872;C
19_C1_T0-18h;C3d;1674;6352;0.263539043;C
19_C1_T0-18h;C31.6;159;6352;0.025031486;C
19_C1_T0-18h;C21.11;30;6352;0.004722922;C
19_C1_T0-18h;C26.b2;112;6352;0.017632242;C
19_C1_T0-18h;C17.2;1443;6352;0.227172544;C
19_C1_T0-18h;C21;27;6352;0.00425063;C
19_C1_T0-18h;C163b;21;6352;0.003306045;C
19_C1_T0-18h;C31.5;37;6352;0.005824937;C
19_C1_T0-18h;C2r;1305;6352;0.205447103;C
19_C1_T0-18h;C17;574;6352;0.090365239;C
19_C1_T0-18h;C31;372;6352;0.058564232;C
19_C1_T0-18h;C161;37;6352;0.005824937;C
19_C1_T0-18h;C31a;350;6352;0.055100756;C
19_C1_T0-18h;C31.10;41;6352;0.00645466;C
62_C1_T0-18h;C31.10;16;4170;0.00383693;C
62_C1_T0-18h;C26.b2;61;4170;0.014628297;C
62_C1_T0-18h;C31c;19;4170;0.004556355;C
62_C1_T0-18h;C31a;126;4170;0.030215827;C
62_C1_T0-18h;C2r;921;4170;0.220863309;C
62_C1_T0-18h;C21;25;4170;0.005995204;C
62_C1_T0-18h;C21.11;35;4170;0.008393285;C
62_C1_T0-18h;C17a;43;4170;0.010311751;C
62_C1_T0-18h;C3d;1282;4170;0.307434053;C
62_C1_T0-18h;C17.2;913;4170;0.218944844;C
62_C1_T0-18h;C17;364;4170;0.087290168;C
62_C1_T0-18h;C31.9;19;4170;0.004556355;C
62_C1_T0-18h;C26.b1;102;4170;0.024460432;C
62_C1_T0-18h;C31.6;65;4170;0.01558753;C
62_C1_T0-18h;C163b;13;4170;0.003117506;C
62_C1_T0-18h;C31;135;4170;0.032374101;C
62_C1_T0-18h;C161;31;4170;0.007434053;C
64Y_C1_T0-18h;C31a;239;5490;0.043533698;C
64Y_C1_T0-18h;C31c;32;5490;0.00582878;C
64Y_C1_T0-18h;C26.b2;82;5490;0.014936248;C
64Y_C1_T0-18h;C31.9;10;5490;0.001821494;C
64Y_C1_T0-18h;C161;19;5490;0.003460838;C
64Y_C1_T0-18h;C21.11;31;5490;0.00564663;C
64Y_C1_T0-18h;C17;521;5490;0.094899818;C
64Y_C1_T0-18h;C163b;16;5490;0.00291439;C
64Y_C1_T0-18h;C31.6;85;5490;0.015482696;C
64Y_C1_T0-18h;C17.2;1327;5490;0.241712204;C
64Y_C1_T0-18h;C17a;62;5490;0.01129326;C
64Y_C1_T0-18h;C2r;1063;5490;0.193624772;C
64Y_C1_T0-18h;C31;211;5490;0.038433515;C
64Y_C1_T0-18h;C26.b1;121;5490;0.022040073;C
64Y_C1_T0-18h;C31.10;19;5490;0.003460838;C
64Y_C1_T0-18h;C3d;1625;5490;0.295992714;C
64Y_C1_T0-18h;C21;27;5490;0.004918033;C
90_C1_T0-18h;C21;35;7317;0.004783381;C
90_C1_T0-18h;C31.6;124;7317;0.016946836;C
90_C1_T0-18h;C31c;24;7317;0.003280033;C
90_C1_T0-18h;C21.11;71;7317;0.00970343;C
90_C1_T0-18h;C26.b2;114;7317;0.015580156;C
90_C1_T0-18h;C31a;277;7317;0.037857045;C
90_C1_T0-18h;C161;17;7317;0.002323357;C
90_C1_T0-18h;C163b;31;7317;0.004236709;C
90_C1_T0-18h;C31.9;126;7317;0.017220172;C
90_C1_T0-18h;C17.2;1616;7317;0.220855542;C
90_C1_T0-18h;C31;227;7317;0.031023644;C
90_C1_T0-18h;C26.b1;152;7317;0.020773541;C
90_C1_T0-18h;C3d;2083;7317;0.284679513;C
90_C1_T0-18h;C17;686;7317;0.093754271;C
90_C1_T0-18h;C31.5;119;7317;0.016263496;C
90_C1_T0-18h;C2r;1534;7317;0.209648763;C
90_C1_T0-18h;C31.10;81;7317;0.011070111;C
64Y_S1_T0-18h;C31.9;4;1745;0.002292264;C
64Y_S1_T0-18h;C21;6;1745;0.003438395;C
64Y_S1_T0-18h;C31c;8;1745;0.004584527;C
64Y_S1_T0-18h;C2r;351;1745;0.201146132;C
64Y_S1_T0-18h;C17;182;1745;0.104297994;C
64Y_S1_T0-18h;C26.b1;37;1745;0.021203438;C
64Y_S1_T0-18h;C163b;4;1745;0.002292264;C
64Y_S1_T0-18h;C31.6;32;1745;0.018338109;C
64Y_S1_T0-18h;C31.10;16;1745;0.009169054;C
64Y_S1_T0-18h;C31;70;1745;0.040114613;C
64Y_S1_T0-18h;C161;5;1745;0.00286533;C
64Y_S1_T0-18h;C26.b2;28;1745;0.016045845;C
64Y_S1_T0-18h;C21.11;13;1745;0.007449857;C
64Y_S1_T0-18h;C3d;532;1745;0.30487106;C
64Y_S1_T0-18h;C31a;60;1745;0.034383954;C
64Y_S1_T0-18h;C17.2;424;1745;0.242979943;C
62_S1_T0-18h;C161;3;1725;0.00173913;C
62_S1_T0-18h;C31;92;1725;0.053333333;C
62_S1_T0-18h;C31.9;16;1725;0.009275362;C
62_S1_T0-18h;C163b;5;1725;0.002898551;C
62_S1_T0-18h;C31.10;13;1725;0.007536232;C
62_S1_T0-18h;C26.b1;47;1725;0.027246377;C
62_S1_T0-18h;C17;139;1725;0.08057971;C
62_S1_T0-18h;C31.6;49;1725;0.028405797;C
62_S1_T0-18h;C2r;329;1725;0.190724638;C
62_S1_T0-18h;C21.11;9;1725;0.005217391;C
62_S1_T0-18h;C31a;80;1725;0.046376812;C
62_S1_T0-18h;C21;4;1725;0.002318841;C
62_S1_T0-18h;C3d;486;1725;0.28173913;C
62_S1_T0-18h;C26.b2;28;1725;0.016231884;C
62_S1_T0-18h;C17.2;432;1725;0.250434783;C
62_S1_T0-18h;C31c;14;1725;0.008115942;C
90_S1_T0-18h;C17;132;1428;0.092436975;C
90_S1_T0-18h;C21;9;1428;0.006302521;C
90_S1_T0-18h;C17.2;297;1428;0.207983193;C
90_S1_T0-18h;C31c;5;1428;0.003501401;C
90_S1_T0-18h;C26.b2;26;1428;0.018207283;C
90_S1_T0-18h;C31.10;17;1428;0.011904762;C
90_S1_T0-18h;C26.b1;28;1428;0.019607843;C
90_S1_T0-18h;C2r;337;1428;0.235994398;C
90_S1_T0-18h;C31.9;20;1428;0.014005602;C
90_S1_T0-18h;C31.5;15;1428;0.010504202;C
90_S1_T0-18h;C31;38;1428;0.026610644;C
90_S1_T0-18h;C31a;42;1428;0.029411765;C
90_S1_T0-18h;C163b;6;1428;0.004201681;C
90_S1_T0-18h;C3d;443;1428;0.31022409;C
90_S1_T0-18h;C161;3;1428;0.00210084;C
90_S1_T0-18h;C31.6;23;1428;0.016106443;C
90_S1_T0-18h;C21.11;10;142;0.070422535;C
19_S1_T0-18h;C17.2;788;3540;0.22259887;C
19_S1_T0-18h;C26.b2;67;3540;0.018926554;C
19_S1_T0-18h;C17;306;3540;0.086440678;C
19_S1_T0-18h;C161;22;3540;0.006214689;C
19_S1_T0-18h;C31.6;72;3540;0.020338983;C
19_S1_T0-18h;C31a;225;3540;0.063559322;C
19_S1_T0-18h;C21;14;3540;0.003954802;C
19_S1_T0-18h;C31c;23;3540;0.006497175;C
19_S1_T0-18h;C2r;696;3540;0.196610169;C
19_S1_T0-18h;C26.b1;88;3540;0.024858757;C
19_S1_T0-18h;C163b;11;3540;0.003107345;C
19_S1_T0-18h;C31.9;11;3540;0.003107345;C
19_S1_T0-18h;C3d;965;3540;0.27259887;C
19_S1_T0-18h;C31.10;14;3540;0.003954802;C
19_S1_T0-18h;C31;218;3540;0.061581921;C
19_S1_T0-18h;C21.11;20;3540;0.005649718;C
60_S1_T0-18h;D1a;180;3991;0.045101478;D
60_S1_T0-18h;D17;1827;3991;0.457780005;D
60_S1_T0-18h;D1;523;3991;0.131044851;D
60_S1_T0-18h;D1.6;39;3991;0.009771987;D
60_S1_T0-18h;D2.2;190;3991;0.047607116;D
60_S1_T0-18h;D10;522;3991;0.130794287;D
60_S1_T0-18h;D5;202;3991;0.050613881;D
60_S1_T0-18h;D9;173;3991;0.043347532;D
60_S1_T0-18h;D6;335;3991;0.083938862;D
92_S1_T0-18h;C31c;6;1636;0.003667482;C
92_S1_T0-18h;C26.b2;18;1636;0.011002445;C
92_S1_T0-18h;C31;51;1636;0.031173594;C
92_S1_T0-18h;C21.11;23;1636;0.01405868;C
92_S1_T0-18h;C31a;43;1636;0.026283619;C
92_S1_T0-18h;C26.b1;30;1636;0.018337408;C
92_S1_T0-18h;C21;11;1636;0.006723716;C
92_S1_T0-18h;C161;7;1636;0.004278729;C
92_S1_T0-18h;C31.6;28;1636;0.017114914;C
92_S1_T0-18h;C17;146;1636;0.089242054;C
92_S1_T0-18h;C31.10;10;1636;0.006112469;C
92_S1_T0-18h;C163b;3;1636;0.001833741;C
92_S1_T0-18h;C3d;542;1636;0.331295844;C
92_S1_T0-18h;C17a;24;1636;0.014669927;C
92_S1_T0-18h;C17.2;336;1636;0.205378973;C
92_S1_T0-18h;C2r;374;1636;0.228606357;C
90_C1_T0+6M;C31a;52;1605;0.032398754;C
90_C1_T0+6M;C31.9;28;1605;0.017445483;C
90_C1_T0+6M;C3d;361;1605;0.224922118;C
90_C1_T0+6M;C161;29;1605;0.018068536;C
90_C1_T0+6M;C163b;36;1605;0.022429907;C
90_C1_T0+6M;C17.2;417;1605;0.259813084;C
90_C1_T0+6M;C17;120;1605;0.074766355;C
90_C1_T0+6M;C31.10;21;1605;0.013084112;C
90_C1_T0+6M;C21.14;7;1605;0.004361371;C
90_C1_T0+6M;C21.11;7;1605;0.004361371;C
90_C1_T0+6M;C31.6;14;1605;0.008722741;C
90_C1_T0+6M;C31.5;38;1605;0.023676012;C
90_C1_T0+6M;C2r;402;1605;0.25046729;C
90_C1_T0+6M;C21;17;1605;0.0105919;C
90_C1_T0+6M;C31;59;1605;0.036760125;C
90_C1_T0+6M;C31c;11;1605;0.006853583;C
62_C1_T0+6M;C2r;411;1477;0.278266757;C
62_C1_T0+6M;C21.11;9;1477;0.006093433;C
62_C1_T0+6M;C31;71;1477;0.048070413;C
62_C1_T0+6M;C31c;11;1477;0.007447529;C
62_C1_T0+6M;C161;36;1477;0.024373731;C
62_C1_T0+6M;C163b;39;1477;0.026404875;C
62_C1_T0+6M;C17;92;1477;0.062288422;C
62_C1_T0+6M;C21;11;1477;0.007447529;C
62_C1_T0+6M;C21.14;9;1477;0.006093433;C
62_C1_T0+6M;C17.2;350;1477;0.236966825;C
62_C1_T0+6M;C31.9;11;1477;0.007447529;C
62_C1_T0+6M;C3d;315;1477;0.213270142;C
62_C1_T0+6M;C31.10;6;1477;0.004062288;C
62_C1_T0+6M;D17;48;1477;0.032498307;D
62_C1_T0+6M;C31.6;18;1477;0.012186865;C
62_C1_T0+6M;C31a;64;1477;0.043331077;C
P1R2_S1_T0+6M;C31.1;13;2540;0.00511811;C
P1R2_S1_T0+6M;C3d;445;2540;0.17519685;C
P1R2_S1_T0+6M;C31c;21;2540;0.008267717;C
P1R2_S1_T0+6M;C31.9;29;2540;0.011417323;C
P1R2_S1_T0+6M;C17;167;2540;0.065748031;C
P1R2_S1_T0+6M;C31a;165;2540;0.06496063;C
P1R2_S1_T0+6M;C21;26;2540;0.01023622;C
P1R2_S1_T0+6M;C161;48;2540;0.018897638;C
P1R2_S1_T0+6M;C17.2;616;2540;0.242519685;C
P1R2_S1_T0+6M;C31.10;23;2540;0.009055118;C
P1R2_S1_T0+6M;C2r;634;2540;0.249606299;C
P1R2_S1_T0+6M;C31.6;34;2540;0.013385827;C
P1R2_S1_T0+6M;C31;159;2540;0.062598425;C
P1R2_S1_T0+6M;D17;71;2540;0.027952756;D
P1R2_S1_T0+6M;C21.11;17;2540;0.006692913;C
P1R2_S1_T0+6M;C31.5;26;2540;0.01023622;C
P1R2_S1_T0+6M;C163b;34;2540;0.013385827;C
P1R2_S1_T0+6M;C21.14;12;2540;0.004724409;C
P1R2_C1_T0-18h;C17.2;650;1868;0.347965739;C
P1R2_C1_T0-18h;C161;13;1868;0.006959315;C
P1R2_C1_T0-18h;C31.10;15;1868;0.008029979;C
P1R2_C1_T0-18h;C31a;175;1868;0.093683084;C
P1R2_C1_T0-18h;C21;43;1868;0.023019272;C
P1R2_C1_T0-18h;C17;131;1868;0.07012848;C
P1R2_C1_T0-18h;C31;151;1868;0.080835118;C
P1R2_C1_T0-18h;C31.6;22;1868;0.011777302;C
P1R2_C1_T0-18h;C31c;18;1868;0.009635974;C
P1R2_C1_T0-18h;C31.9;17;1868;0.009100642;C
P1R2_C1_T0-18h;C2r;475;1868;0.254282655;C
P1R2_C1_T0-18h;C163b;35;1868;0.018736617;C
P1R2_C1_T0-18h;C31.1;123;1868;0.065845824;C
58_S1_T0-18h;C161;13;2031;0.006400788;C
58_S1_T0-18h;D1.6;34;2031;0.016740522;D
58_S1_T0-18h;C17.2;141;2031;0.069423929;C
58_S1_T0-18h;C31;27;2031;0.013293944;D
58_S1_T0-18h;D17;835;2031;0.411127523;D
58_S1_T0-18h;D2.2;122;2031;0.060068932;D
58_S1_T0-18h;D6;147;2031;0.072378139;D
58_S1_T0-18h;D1a;118;2031;0.058099458;D
58_S1_T0-18h;D10;235;2031;0.115706548;D
58_S1_T0-18h;D9;112;2031;0.055145249;D
58_S1_T0-18h;D1;220;2031;0.108321024;D
58_S1_T0-18h;C31a;27;2031;0.013293944;C
P1R2_S1_T0-18h;C163b;20;2036;0.009823183;C
P1R2_S1_T0-18h;C31.10;37;2036;0.018172888;C
P1R2_S1_T0-18h;D17;61;2036;0.029960707;D
P1R2_S1_T0-18h;C17;323;2036;0.158644401;C
P1R2_S1_T0-18h;C31.5;21;2036;0.010314342;C
P1R2_S1_T0-18h;C161;49;2036;0.024066798;C
P1R2_S1_T0-18h;C31c;31;2036;0.015225933;C
P1R2_S1_T0-18h;C31.6;44;2036;0.021611002;C
P1R2_S1_T0-18h;C31a;186;2036;0.091355599;C
P1R2_S1_T0-18h;C31;178;2036;0.087426326;C
P1R2_S1_T0-18h;C17.2;930;2036;0.456777996;C
P1R2_S1_T0-18h;C31.1;156;2036;0.076620825;C
62_C2_T0+6M;C3d;279;1734;0.160899654;C
62_C2_T0+6M;C21.11;11;1734;0.006343714;C
62_C2_T0+6M;C163b;27;1734;0.015570934;C
62_C2_T0+6M;C2r;401;1734;0.231257209;C
62_C2_T0+6M;C31.9;21;1734;0.012110727;C
62_C2_T0+6M;C31.5;12;1734;0.006920415;C
62_C2_T0+6M;C17.2;487;1734;0.280853518;C
62_C2_T0+6M;C31.6;36;1734;0.020761246;C
62_C2_T0+6M;C31a;109;1734;0.062860438;C
62_C2_T0+6M;C21;13;1734;0.007497116;C
62_C2_T0+6M;C31;107;1734;0.061707036;C
62_C2_T0+6M;C17;102;1734;0.058823529;C
62_C2_T0+6M;C161;29;1734;0.016724337;C
62_C2_T0+6M;D17;49;1734;0.028258362;D
62_C2_T0+6M;C31.10;28;1734;0.016147636;C
62_C2_T0+6M;C31c;23;1734;0.013264129;C
58_C2_T0+6M;D10;251;2156;0.116419295;D
58_C2_T0+6M;C31;36;2156;0.016697588;C
58_C2_T0+6M;D9;114;2156;0.052875696;D
58_C2_T0+6M;C17.2;145;2156;0.067254174;C
58_C2_T0+6M;D17;887;2156;0.411410019;D
58_C2_T0+6M;D6;161;2156;0.074675325;D
58_C2_T0+6M;D2.2;133;2156;0.061688312;D
58_C2_T0+6M;D1;247;2156;0.114564007;D
58_C2_T0+6M;D1.6;37;2156;0.01716141;D
58_C2_T0+6M;C161;10;2156;0.004638219;C
58_C2_T0+6M;D1a;135;2156;0.062615955;D
P1R2_C2_T0+6M;C17.2;832;1834;0.453653217;C
P1R2_C2_T0+6M;C163b;33;1834;0.017993457;C
P1R2_C2_T0+6M;C31a;174;1834;0.094874591;C
P1R2_C2_T0+6M;C161;46;1834;0.025081788;C
P1R2_C2_T0+6M;C31.5;25;1834;0.013631407;C
P1R2_C2_T0+6M;C17;280;1834;0.152671756;C
P1R2_C2_T0+6M;C31c;19;1834;0.010359869;C
P1R2_C2_T0+6M;D17;67;1834;0.03653217;D
P1R2_C2_T0+6M;C31.6;35;1834;0.019083969;C
P1R2_C2_T0+6M;C31.10;25;1834;0.013631407;C
P1R2_C2_T0+6M;C31.1;117;1834;0.063794984;C
P1R2_C2_T0+6M;C31;181;1834;0.098691385;C
19_C2_T0+6M;C21;10;1324;0.00755287;C
19_C2_T0+6M;C3d;260;1324;0.196374622;C
19_C2_T0+6M;C31.10;9;1324;0.006797583;C
19_C2_T0+6M;C163b;41;1324;0.030966767;C
19_C2_T0+6M;C21.11;12;1324;0.009063444;C
19_C2_T0+6M;C31.6;19;1324;0.014350453;C
19_C2_T0+6M;C31a;94;1324;0.070996979;C
19_C2_T0+6M;C31;102;1324;0.077039275;C
19_C2_T0+6M;C31c;19;1324;0.014350453;C
19_C2_T0+6M;C31.1;11;1324;0.008308157;C
19_C2_T0+6M;C17.2;326;1324;0.246223565;C
19_C2_T0+6M;C31.9;12;1324;0.009063444;C
19_C2_T0+6M;C17;92;1324;0.069486405;C
19_C2_T0+6M;C2r;298;1324;0.225075529;C
19_C2_T0+6M;C161;28;1324;0.021148036;C
64_C2_T0+6M;C31c;17;1992;0.008534137;C
64_C2_T0+6M;C17;142;1992;0.071285141;C
64_C2_T0+6M;C31.10;25;1992;0.012550201;C
64_C2_T0+6M;C31;80;1992;0.040160643;C
64_C2_T0+6M;C31a;70;1992;0.035140562;C
64_C2_T0+6M;C21.14;10;1992;0.00502008;C
64_C2_T0+6M;C161;40;1992;0.020080321;C
64_C2_T0+6M;C2r;469;1992;0.235441767;C
64_C2_T0+6M;C31.6;29;1992;0.014558233;C
64_C2_T0+6M;C31.9;42;1992;0.021084337;C
64_C2_T0+6M;C3d;400;1992;0.200803213;C
64_C2_T0+6M;C21;16;1992;0.008032129;C
64_C2_T0+6M;D17;66;1992;0.03313253;D
64_C2_T0+6M;C163b;36;1992;0.018072289;C
64_C2_T0+6M;C21.11;16;1992;0.008032129;C
64_C2_T0+6M;C17.2;491;1992;0.246485944;C
64_C2_T0+6M;C31.5;43;1992;0.021586345;C
90_C2_T0+6M;C2r;423;1802;0.234739179;C
90_C2_T0+6M;C31c;13;1802;0.007214206;C
90_C2_T0+6M;C31.10;20;1802;0.011098779;C
90_C2_T0+6M;C31.9;21;1802;0.011653718;C
90_C2_T0+6M;C17.2;478;1802;0.265260821;C
90_C2_T0+6M;C31.1;14;1802;0.007769145;C
90_C2_T0+6M;C3d;289;1802;0.160377358;C
90_C2_T0+6M;C21;24;1802;0.013318535;C
90_C2_T0+6M;C17;113;1802;0.062708102;C
90_C2_T0+6M;C31a;139;1802;0.077136515;C
90_C2_T0+6M;C21.11;20;1802;0.011098779;C
90_C2_T0+6M;C161;35;1802;0.019422863;C
90_C2_T0+6M;C31.6;22;1802;0.012208657;C
90_C2_T0+6M;C163b;41;1802;0.022752497;C
90_C2_T0+6M;C31;131;1802;0.072697003;C
90_C2_T0+6M;C31.5;19;1802;0.01054384;C
60_C2_T0+6M;D17;1395;3278;0.425564369;D
60_C2_T0+6M;D9;144;3278;0.043929225;D
60_C2_T0+6M;D1;360;3278;0.109823063;D
60_C2_T0+6M;D2.2;173;3278;0.052776083;D
60_C2_T0+6M;C17.2;226;3278;0.068944478;C
60_C2_T0+6M;D6;236;3278;0.071995119;D
60_C2_T0+6M;D10;380;3278;0.115924344;D
60_C2_T0+6M;C161;10;3278;0.003050641;C
60_C2_T0+6M;D1.6;42;3278;0.012812691;D
60_C2_T0+6M;D1a;97;3278;0.029591214;D
60_C2_T0+6M;D5;145;3278;0.044234289;D
60_C2_T0+6M;C31;70;3278;0.021354484;C
64Y_C2_T0+6M;C31a;132;2339;0.056434374;C
64Y_C2_T0+6M;C21;30;2339;0.012825994;C
64Y_C2_T0+6M;C161;40;2339;0.017101325;C
64Y_C2_T0+6M;D17;69;2339;0.029499786;D
64Y_C2_T0+6M;C31.10;22;2339;0.009405729;C
64Y_C2_T0+6M;C2r;614;2339;0.262505344;C
64Y_C2_T0+6M;C17;146;2339;0.062419838;C
64Y_C2_T0+6M;C3d;463;2339;0.197947841;C
64Y_C2_T0+6M;C17.2;605;2339;0.258657546;C
64Y_C2_T0+6M;C31c;22;2339;0.009405729;C
64Y_C2_T0+6M;C31.9;20;2339;0.008550663;C
64Y_C2_T0+6M;C31;115;2339;0.04916631;C
64Y_C2_T0+6M;C163b;33;2339;0.014108593;C
64Y_C2_T0+6M;C31.6;28;2339;0.011970928;C
92_C2_T0+6M;D17;64;2228;0.028725314;D
92_C2_T0+6M;C31c;13;2228;0.005834829;C
92_C2_T0+6M;C31a;101;2228;0.045332136;C
92_C2_T0+6M;C21.11;18;2228;0.008078995;C
92_C2_T0+6M;C17;164;2228;0.073608618;C
92_C2_T0+6M;C2r;522;2228;0.234290844;C
92_C2_T0+6M;C3d;531;2228;0.238330341;C
92_C2_T0+6M;C31.6;33;2228;0.01481149;C
92_C2_T0+6M;C161;57;2228;0.025583483;C
92_C2_T0+6M;C163b;32;2228;0.014362657;C
92_C2_T0+6M;C21.14;15;2228;0.006732496;C
92_C2_T0+6M;C31;78;2228;0.035008977;C
92_C2_T0+6M;C31.9;19;2228;0.008527828;C
92_C2_T0+6M;C26.b1;50;2228;0.022441652;C
92_C2_T0+6M;C17.2;501;2228;0.22486535;C
92_C2_T0+6M;C21;16;2228;0.007181329;C
92_C2_T0+6M;C31.10;14;2228;0.006283662;C
19_S2_T0+6M;C31;119;1693;0.070289427;C
19_S2_T0+6M;C31c;13;1693;0.007678677;C
19_S2_T0+6M;C161;25;1693;0.014766686;C
19_S2_T0+6M;C31.6;29;1693;0.017129356;C
19_S2_T0+6M;C17.2;481;1693;0.284111045;C
19_S2_T0+6M;C17;139;1693;0.082102776;C
19_S2_T0+6M;C163b;33;1693;0.019492026;C
19_S2_T0+6M;C2r;412;1693;0.243354991;C
19_S2_T0+6M;C31.9;7;1693;0.004134672;C
19_S2_T0+6M;C3d;300;1693;0.177200236;C
19_S2_T0+6M;C31a;105;1693;0.062020083;C
19_S2_T0+6M;C21;21;1693;0.012404017;C
19_S2_T0+6M;C31.10;16;1693;0.009450679;C
62_S2_T0+6M;C163b;101;1934;0.052223371;C
62_S2_T0+6M;C31.6;493;1934;0.254912099;C
62_S2_T0+6M;C17;1123;1934;0.580661841;C
62_S2_T0+6M;C31.10;123;1934;0.063598759;C
62_S2_T0+6M;C31.9;94;1934;0.04860393;C
64Y_S2_T0+6M;C31.6;30;2244;0.013368984;C
64Y_S2_T0+6M;C17.2;561;2244;0.25;C
64Y_S2_T0+6M;D17;71;2244;0.031639929;D
64Y_S2_T0+6M;C31c;23;2244;0.010249554;C
64Y_S2_T0+6M;C163b;37;2244;0.016488414;C
64Y_S2_T0+6M;C21.14;9;2244;0.004010695;C
64Y_S2_T0+6M;C17;160;2244;0.071301248;C
64Y_S2_T0+6M;C161;40;2244;0.017825312;C
64Y_S2_T0+6M;C31a;99;2244;0.044117647;C
64Y_S2_T0+6M;C31.10;20;2244;0.008912656;C
64Y_S2_T0+6M;C21;15;2244;0.006684492;C
64Y_S2_T0+6M;C31.9;20;2244;0.008912656;C
64Y_S2_T0+6M;C2r;576;2244;0.256684492;C
64Y_S2_T0+6M;C31;125;2244;0.0557041;C
64Y_S2_T0+6M;C31.1;15;2244;0.006684492;C
64Y_S2_T0+6M;C3d;452;2244;0.201426025;C
P1R2_S2_T0+6M;C31.10;28;1978;0.014155713;C
P1R2_S2_T0+6M;C31.1;98;1978;0.049544995;C
P1R2_S2_T0+6M;C2r;467;1978;0.236097068;C
P1R2_S2_T0+6M;C163b;30;1978;0.015166835;C
P1R2_S2_T0+6M;C17.2;629;1978;0.317997978;C
P1R2_S2_T0+6M;C17;150;1978;0.075834176;C
P1R2_S2_T0+6M;C161;30;1978;0.015166835;C
P1R2_S2_T0+6M;C31;159;1978;0.080384226;C
P1R2_S2_T0+6M;C21;44;1978;0.022244692;C
P1R2_S2_T0+6M;C31c;26;1978;0.01314459;C
P1R2_S2_T0+6M;D17;122;1978;0.061678463;D
P1R2_S2_T0+6M;C31.6;35;1978;0.017694641;C
P1R2_S2_T0+6M;C31a;160;1978;0.080889788;C
60_S2_T0+6M;D2.2;79;1481;0.053342336;D
60_S2_T0+6M;D1;207;1481;0.139770425;D
60_S2_T0+6M;D17;620;1481;0.418636057;D
60_S2_T0+6M;D9;81;1481;0.054692775;D
60_S2_T0+6M;D1a;88;1481;0.059419311;D
60_S2_T0+6M;D6;107;1481;0.072248481;D
60_S2_T0+6M;C31;40;1481;0.027008778;C
60_S2_T0+6M;D10;163;1481;0.11006077;D
60_S2_T0+6M;C17.2;96;1481;0.064821067;C
92_S2_T0+6M;C31a;39;1009;0.038652131;C
92_S2_T0+6M;C21.14;8;1009;0.007928642;C
92_S2_T0+6M;C31.10;12;1009;0.011892963;C
92_S2_T0+6M;C2r;274;1009;0.271555996;C
92_S2_T0+6M;C31.6;13;1009;0.012884044;C
92_S2_T0+6M;C21.11;16;1009;0.015857284;C
92_S2_T0+6M;C31c;8;1009;0.007928642;C
92_S2_T0+6M;C17.2;239;1009;0.236868186;C
92_S2_T0+6M;C3d;257;1009;0.254707631;C
92_S2_T0+6M;C31;38;1009;0.037661051;C
92_S2_T0+6M;C163b;11;1009;0.010901883;C
92_S2_T0+6M;C161;11;1009;0.010901883;C
92_S2_T0+6M;C26.b1;28;1009;0.027750248;C
92_S2_T0+6M;C21;4;1009;0.003964321;C
92_S2_T0+6M;C17;71;1009;0.0703667;C
64_S2_T0+6M;C21;16;1408;0.011363636;C
64_S2_T0+6M;C31.5;11;1408;0.0078125;C
64_S2_T0+6M;C31a;88;1408;0.0625;C
64_S2_T0+6M;C31.6;16;1408;0.011363636;C
64_S2_T0+6M;C31.10;23;1408;0.016335227;C
64_S2_T0+6M;C31c;13;1408;0.009232955;C
64_S2_T0+6M;C2r;393;1408;0.279119318;C
64_S2_T0+6M;C31;80;1408;0.056818182;C
64_S2_T0+6M;C163b;18;1408;0.012784091;C
64_S2_T0+6M;C17.2;344;1408;0.244318182;C
64_S2_T0+6M;C21.11;12;1408;0.008522727;C
64_S2_T0+6M;D17;45;1408;0.031960227;D
64_S2_T0+6M;C17;78;1408;0.055397727;C
64_S2_T0+6M;C161;36;1408;0.025568182;C
64_S2_T0+6M;C3d;235;1408;0.166903409;C
58_S2_T0+6M;D10;213;1957;0.108840061;D
58_S2_T0+6M;D9;105;1957;0.053653551;D
58_S2_T0+6M;D6;173;1957;0.088400613;D
58_S2_T0+6M;D2.2;108;1957;0.05518651;D
58_S2_T0+6M;D1.6;27;1957;0.013796627;D
58_S2_T0+6M;D1;219;1957;0.111905979;D
58_S2_T0+6M;C17.2;138;1957;0.070516096;C
58_S2_T0+6M;D1a;108;1957;0.05518651;D
58_S2_T0+6M;C31;34;1957;0.017373531;C
58_S2_T0+6M;C161;10;1957;0.005109862;C
58_S2_T0+6M;D17;822;1957;0.420030659;D
90_S2_T0+6M;C21.11;11;1318;0.008345979;C
90_S2_T0+6M;C161;16;1318;0.012139605;C
90_S2_T0+6M;C3d;267;1318;0.202579666;C
90_S2_T0+6M;C31.5;32;1318;0.024279211;C
90_S2_T0+6M;D17;47;1318;0.035660091;D
90_S2_T0+6M;C31;51;1318;0.038694992;C
90_S2_T0+6M;C17;82;1318;0.062215478;C
90_S2_T0+6M;C163b;29;1318;0.022003035;C
90_S2_T0+6M;C31c;7;1318;0.005311077;C
90_S2_T0+6M;C31.10;28;1318;0.02124431;C
90_S2_T0+6M;C31.9;32;1318;0.024279211;C
90_S2_T0+6M;C17.2;308;1318;0.233687405;C
90_S2_T0+6M;C21;11;1318;0.008345979;C
90_S2_T0+6M;C31a;71;1318;0.053869499;C
90_S2_T0+6M;C31.6;18;1318;0.013657056;C
90_S2_T0+6M;C21.14;3;1318;0.002276176;C
90_S2_T0+6M;C2r;315;1318;0.238998483;C
90_C3_T0+6M;C31a;45;921;0.048859935;C
90_C3_T0+6M;C21;11;921;0.01194354;C
90_C3_T0+6M;C3d;188;921;0.20412595;C
90_C3_T0+6M;C17.2;226;921;0.245385451;C
90_C3_T0+6M;C163b;27;921;0.029315961;C
90_C3_T0+6M;C31.5;27;921;0.029315961;C
90_C3_T0+6M;C31.9;12;921;0.013029316;C
90_C3_T0+6M;C2r;248;921;0.26927253;C
90_C3_T0+6M;C161;6;921;0.006514658;C
90_C3_T0+6M;C17;61;921;0.066232356;C
90_C3_T0+6M;C31.1;4;921;0.004343105;C
90_C3_T0+6M;C31.10;17;921;0.018458198;C
90_C3_T0+6M;C31;45;921;0.048859935;C
90_C3_T0+6M;C21.11;8;921;0.008686211;C
90_C3_T0+6M;C31.6;14;921;0.015200869;C
64_C3_T0+6M;C163b;16;517;0.030947776;C
64_C3_T0+6M;C17.2;134;517;0.259187621;C
64_C3_T0+6M;C31.6;5;517;0.00967118;C
64_C3_T0+6M;C31.9;4;517;0.007736944;C
64_C3_T0+6M;C31c;4;517;0.007736944;C
64_C3_T0+6M;C31a;44;517;0.085106383;C
64_C3_T0+6M;C3d;108;517;0.208897485;C
64_C3_T0+6M;C17;31;517;0.059961315;C
64_C3_T0+6M;C161;11;517;0.021276596;C
64_C3_T0+6M;C2r;132;517;0.255319149;C
64_C3_T0+6M;C31.10;6;517;0.011605416;C
64_C3_T0+6M;C31;41;517;0.079303675;C
92_C3_T0+6M;C21;7;1335;0.005243446;C
92_C3_T0+6M;C163b;26;1335;0.019475655;C
92_C3_T0+6M;C31c;7;1335;0.005243446;C
92_C3_T0+6M;C31;41;1335;0.03071161;C
92_C3_T0+6M;C31d;15;1335;0.011235955;C
92_C3_T0+6M;C21.11;10;1335;0.007490637;C
92_C3_T0+6M;C31.6;13;1335;0.009737828;C
92_C3_T0+6M;C31a;58;1335;0.043445693;C
92_C3_T0+6M;C3d;309;1335;0.231460674;C
92_C3_T0+6M;D17;57;1335;0.042696629;D
92_C3_T0+6M;C17.2;297;1335;0.22247191;C
92_C3_T0+6M;C17;89;1335;0.066666667;C
92_C3_T0+6M;C31.9;10;1335;0.007490637;C
92_C3_T0+6M;C31.10;13;1335;0.009737828;C
92_C3_T0+6M;C2r;332;1335;0.248689139;C
92_C3_T0+6M;C161;22;1335;0.016479401;C
92_C3_T0+6M;C26.b1;43;1335;0.032209738;C
62_S2_T0-18h;C31a;87;1178;0.07385399;C
62_S2_T0-18h;C163b;16;1178;0.013582343;C
62_S2_T0-18h;C17;74;1178;0.062818336;C
62_S2_T0-18h;C2r;279;1178;0.236842105;C
62_S2_T0-18h;C161;16;1178;0.013582343;C
62_S2_T0-18h;C21.14;8;1178;0.006791171;C
62_S2_T0-18h;C31;90;1178;0.076400679;C
62_S2_T0-18h;C31.10;11;1178;0.009337861;C
62_S2_T0-18h;C31.9;10;1178;0.008488964;C
62_S2_T0-18h;D17;36;1178;0.030560272;D
62_S2_T0-18h;C31c;14;1178;0.01188455;C
62_S2_T0-18h;C3d;189;1178;0.160441426;C
62_S2_T0-18h;C21;12;1178;0.010186757;C
62_S2_T0-18h;C17.2;344;1178;0.292020374;C
P1R2_S2_T0-18h;C31;150;1770;0.084745763;C
P1R2_S2_T0-18h;C31c;15;1770;0.008474576;C
P1R2_S2_T0-18h;C21.11;10;1770;0.005649718;C
P1R2_S2_T0-18h;C161;37;1770;0.020903955;C
P1R2_S2_T0-18h;C31.5;18;1770;0.010169492;C
P1R2_S2_T0-18h;C17.2;466;1770;0.263276836;C
P1R2_S2_T0-18h;C31.9;16;1770;0.009039548;C
P1R2_S2_T0-18h;C31.6;21;1770;0.011864407;C
P1R2_S2_T0-18h;C17;118;1770;0.066666667;C
P1R2_S2_T0-18h;D17;61;1770;0.034463277;D
P1R2_S2_T0-18h;C21;10;1770;0.005649718;C
P1R2_S2_T0-18h;C31.1;101;1770;0.057062147;C
P1R2_S2_T0-18h;C31a;162;1770;0.091525424;C
P1R2_S2_T0-18h;C31.10;9;1770;0.005084746;C
P1R2_S2_T0-18h;C3d;230;1770;0.129943503;C
P1R2_S2_T0-18h;C2r;321;1770;0.181355932;C
P1R2_S2_T0-18h;C163b;34;1770;0.01920904;C
92_S2_T0-18h;C31a;75;1780;0.042134831;C
92_S2_T0-18h;D17;71;1780;0.03988764;D
92_S2_T0-18h;C31.1;15;1780;0.008426966;C
92_S2_T0-18h;C31.6;14;1780;0.007865169;C
92_S2_T0-18h;C21.14;11;1780;0.006179775;C
92_S2_T0-18h;C21.11;17;1780;0.009550562;C
92_S2_T0-18h;C17;132;1780;0.074157303;C
92_S2_T0-18h;C21;21;1780;0.011797753;C
92_S2_T0-18h;C163b;29;1780;0.016292135;C
92_S2_T0-18h;C161;30;1780;0.016853933;C
92_S2_T0-18h;C31;62;1780;0.034831461;C
92_S2_T0-18h;C31.10;17;1780;0.009550562;C
92_S2_T0-18h;C31c;10;1780;0.005617978;C
92_S2_T0-18h;C3d;388;1780;0.217977528;C
92_S2_T0-18h;C31.9;17;1780;0.009550562;C
92_S2_T0-18h;C17.2;401;1780;0.225280899;C
92_S2_T0-18h;C2r;470;1780;0.264044944;C
58_S2_T0-18h;D1;388;3186;0.1217828;D
58_S2_T0-18h;D10;361;3186;0.113308223;D
58_S2_T0-18h;C31;66;3186;0.020715631;C
58_S2_T0-18h;D1.6;58;3186;0.018204645;D
58_S2_T0-18h;D6;220;3186;0.069052103;D
58_S2_T0-18h;D1a;172;3186;0.05398619;D
58_S2_T0-18h;D11;28;3186;0.008788449;D
58_S2_T0-18h;D17;1328;3186;0.416823603;D
58_S2_T0-18h;D2.2;183;3186;0.057438795;D
58_S2_T0-18h;D9;143;3186;0.044883867;D
58_S2_T0-18h;C161;15;3186;0.004708098;C
58_S2_T0-18h;C17.2;224;3186;0.070307596;C
P1R2_C2_T0-18h;C31.10;24;2375;0.010105263;C
P1R2_C2_T0-18h;C2r;512;2375;0.215578947;C
P1R2_C2_T0-18h;C161;47;2375;0.019789474;C
P1R2_C2_T0-18h;C31a;184;2375;0.077473684;C
P1R2_C2_T0-18h;C31.6;41;2375;0.017263158;C
P1R2_C2_T0-18h;C31.1;142;2375;0.059789474;C
P1R2_C2_T0-18h;C31c;32;2375;0.013473684;C
P1R2_C2_T0-18h;C17;207;2375;0.087157895;C
P1R2_C2_T0-18h;C31.5;22;2375;0.009263158;C
P1R2_C2_T0-18h;D17;80;2375;0.033684211;D
P1R2_C2_T0-18h;C163b;38;2375;0.016;C
P1R2_C2_T0-18h;C31.9;18;2375;0.007578947;C
P1R2_C2_T0-18h;C17.2;805;2375;0.338947368;C
P1R2_C2_T0-18h;C31;223;2375;0.093894737;C
92_C2_T0-18h;C31;132;1887;0.069952305;C
92_C2_T0-18h;C2r;393;1887;0.208267091;C
92_C2_T0-18h;C31.10;25;1887;0.013248543;C
92_C2_T0-18h;C31c;24;1887;0.012718601;C
92_C2_T0-18h;C21.11;22;1887;0.011658718;C
92_C2_T0-18h;C31.5;18;1887;0.009538951;C
92_C2_T0-18h;C17;123;1887;0.06518283;C
92_C2_T0-18h;C163b;41;1887;0.02172761;C
92_C2_T0-18h;C3d;307;1887;0.162692104;C
92_C2_T0-18h;C31.9;22;1887;0.011658718;C
92_C2_T0-18h;C21;13;1887;0.006889242;C
92_C2_T0-18h;C161;21;1887;0.011128776;C
92_C2_T0-18h;C31a;125;1887;0.066242713;C
92_C2_T0-18h;C31.6;31;1887;0.016428193;C
92_C2_T0-18h;D17;54;1887;0.028616852;D
92_C2_T0-18h;C17.2;515;1887;0.272919979;C
92_C2_T0-18h;C31.1;21;1887;0.011128776;C
64_C2_T0-18h;C161;20;927;0.021574973;C
64_C2_T0-18h;C2r;272;927;0.293419633;C
64_C2_T0-18h;C3d;152;927;0.163969795;C
64_C2_T0-18h;C31;59;927;0.06364617;C
64_C2_T0-18h;C31c;3;927;0.003236246;C
64_C2_T0-18h;C21.11;5;927;0.005393743;C
64_C2_T0-18h;C31.9;6;927;0.006472492;C
64_C2_T0-18h;C31.6;7;927;0.007551241;C
64_C2_T0-18h;C21;8;927;0.008629989;C
64_C2_T0-18h;C17;65;927;0.070118662;C
64_C2_T0-18h;C31.10;10;927;0.010787487;C
64_C2_T0-18h;C31a;42;927;0.045307443;C
64_C2_T0-18h;C17.2;284;927;0.306364617;C
64_C2_T0-18h;C163b;23;927;0.024811219;C
58_C1_T0+1.5Y;D6;315;3903;0.080707148;D
58_C1_T0+1.5Y;D1;490;3903;0.125544453;D
58_C1_T0+1.5Y;C31;23;3903;0.005892903;C
58_C1_T0+1.5Y;D2.2;266;3903;0.068152703;D
58_C1_T0+1.5Y;D1a;210;3903;0.053804766;D
58_C1_T0+1.5Y;D10;441;3903;0.112990008;D
58_C1_T0+1.5Y;C17.2;136;3903;0.034844991;D
58_C1_T0+1.5Y;D9;216;3903;0.055342045;D
58_C1_T0+1.5Y;D1.6;42;3903;0.010760953;D
58_C1_T0+1.5Y;D17;1764;3903;0.451960031;D
64_C1_T0+1.5Y;C21;15;5687;0.002637595;C
64_C1_T0+1.5Y;C31.10;27;5687;0.00474767;C
64_C1_T0+1.5Y;C31;286;5687;0.050290135;C
64_C1_T0+1.5Y;C21.11;19;5687;0.003340953;C
64_C1_T0+1.5Y;C17.2;1785;5687;0.313873747;C
64_C1_T0+1.5Y;C161;89;5687;0.015649727;C
64_C1_T0+1.5Y;C31.9;22;5687;0.003868472;C
64_C1_T0+1.5Y;C2r;1830;5687;0.321786531;C
64_C1_T0+1.5Y;C3d;948;5687;0.166695973;C
64_C1_T0+1.5Y;C163b;74;5687;0.013012133;C
64_C1_T0+1.5Y;C31a;295;5687;0.051872692;C
64_C1_T0+1.5Y;C31.6;20;5687;0.003516793;C
64_C1_T0+1.5Y;C31c;17;5687;0.002989274;C
64_C1_T0+1.5Y;C17;260;5687;0.045718305;C
60_C1_T0+1.5Y;D9;602;7406;0.081285444;D
60_C1_T0+1.5Y;D6;581;7406;0.078449905;D
60_C1_T0+1.5Y;D17;3423;7406;0.462192817;D
60_C1_T0+1.5Y;D1a;573;7406;0.0773697;D
60_C1_T0+1.5Y;D1;931;7406;0.125708885;D
60_C1_T0+1.5Y;C31;43;7406;0.005806103;C
60_C1_T0+1.5Y;C17.2;217;7406;0.029300567;D
60_C1_T0+1.5Y;D10;919;7406;0.124088577;D
60_C1_T0+1.5Y;D1.6;117;7406;0.015798002;D
64Y_C1_T0+1.5Y;C161;61;3613;0.016883476;C
64Y_C1_T0+1.5Y;C21;11;3613;0.003044561;C
64Y_C1_T0+1.5Y;C31.10;14;3613;0.003874896;C
64Y_C1_T0+1.5Y;C2r;1130;3613;0.31275948;C
64Y_C1_T0+1.5Y;C163b;41;3613;0.01134791;C
64Y_C1_T0+1.5Y;C31;150;3613;0.041516745;C
64Y_C1_T0+1.5Y;C31a;148;3613;0.040963188;C
64Y_C1_T0+1.5Y;C31.9;12;3613;0.00332134;C
64Y_C1_T0+1.5Y;C17;179;3613;0.049543316;C
64Y_C1_T0+1.5Y;C31c;13;3613;0.003598118;C
64Y_C1_T0+1.5Y;C21.11;19;3613;0.005258788;C
64Y_C1_T0+1.5Y;C17.2;1067;3613;0.295322447;C
64Y_C1_T0+1.5Y;C3d;768;3613;0.212565735;C
19_C1_T0+1.5Y;C17;516;11480;0.044947735;C
19_C1_T0+1.5Y;C2r;3251;11480;0.283188153;C
19_C1_T0+1.5Y;C31c;34;11480;0.002961672;C
19_C1_T0+1.5Y;C31.10;61;11480;0.005313589;C
19_C1_T0+1.5Y;C21;33;11480;0.002874564;C
19_C1_T0+1.5Y;C31.6;45;11480;0.003919861;C
19_C1_T0+1.5Y;C3d;1961;11480;0.170818815;C
19_C1_T0+1.5Y;C31.9;44;11480;0.003832753;C
19_C1_T0+1.5Y;C21.11;27;11480;0.002351916;C
19_C1_T0+1.5Y;C161;289;11480;0.025174216;C
19_C1_T0+1.5Y;C31;573;11480;0.049912892;C
19_C1_T0+1.5Y;C17.2;3950;11480;0.344076655;C
19_C1_T0+1.5Y;C163b;124;11480;0.010801394;C
19_C1_T0+1.5Y;C31a;572;11480;0.049825784;C
P1R2_C1_T0+1.5Y;C31.5;79;11420;0.006917688;C
P1R2_C1_T0+1.5Y;C17;1403;11420;0.122854641;C
P1R2_C1_T0+1.5Y;C31.10;90;11420;0.007880911;C
P1R2_C1_T0+1.5Y;C31;958;11420;0.083887916;C
P1R2_C1_T0+1.5Y;C31.1;897;11420;0.07854641;C
P1R2_C1_T0+1.5Y;C31a;1004;11420;0.087915937;C
P1R2_C1_T0+1.5Y;C17.2;6570;11420;0.57530648;C
P1R2_C1_T0+1.5Y;C163b;117;11420;0.010245184;C
P1R2_C1_T0+1.5Y;C31.6;94;11420;0.008231173;C
P1R2_C1_T0+1.5Y;C161;147;11420;0.012872154;C
P1R2_C1_T0+1.5Y;C31c;61;11420;0.005341506;C
92_C1_T0+1.5Y;C31.10;26;6092;0.004267892;C
92_C1_T0+1.5Y;C17;267;6092;0.043827971;C
92_C1_T0+1.5Y;C161;138;6092;0.022652659;C
92_C1_T0+1.5Y;C21;27;6092;0.004432042;C
92_C1_T0+1.5Y;C31a;170;6092;0.02790545;C
92_C1_T0+1.5Y;C31c;24;6092;0.003939593;C
92_C1_T0+1.5Y;C3d;1429;6092;0.234569928;C
92_C1_T0+1.5Y;C17.2;1488;6092;0.24425476;C
92_C1_T0+1.5Y;C163b;105;6092;0.017235719;C
92_C1_T0+1.5Y;C21.11;23;6092;0.003775443;C
92_C1_T0+1.5Y;C2r;2204;6092;0.361785949;C
92_C1_T0+1.5Y;C31;191;6092;0.031352594;C
90_C1_T0+1.5Y;C31.10;37;4796;0.007714762;C
90_C1_T0+1.5Y;C17;253;4796;0.052752294;C
90_C1_T0+1.5Y;C21;16;4796;0.003336113;C
90_C1_T0+1.5Y;C31;289;4796;0.060258549;C
90_C1_T0+1.5Y;C31c;21;4796;0.004378649;C
90_C1_T0+1.5Y;C31.9;51;4796;0.010633862;C
90_C1_T0+1.5Y;C21.14;8;4796;0.001668057;C
90_C1_T0+1.5Y;C21.11;17;4796;0.003544621;C
90_C1_T0+1.5Y;C161;72;4796;0.01501251;C
90_C1_T0+1.5Y;C3d;1009;4796;0.210383653;C
90_C1_T0+1.5Y;C31.5;148;4796;0.030859049;C
90_C1_T0+1.5Y;C163b;40;4796;0.008340284;C
90_C1_T0+1.5Y;C17.2;1384;4796;0.288573812;C
90_C1_T0+1.5Y;C2r;1459;4796;0.304211843;C
62_C1_T0+1.5Y;C163b;59;4724;0.012489416;C
62_C1_T0+1.5Y;C21;6;4724;0.00127011;C
62_C1_T0+1.5Y;C31;157;4724;0.033234547;C
62_C1_T0+1.5Y;C17;237;4724;0.050169348;C
62_C1_T0+1.5Y;C31c;20;4724;0.0042337;C
62_C1_T0+1.5Y;C3d;1191;4724;0.25211685;C
62_C1_T0+1.5Y;C31.9;15;4724;0.003175275;C
62_C1_T0+1.5Y;C2r;1433;4724;0.303344623;C
62_C1_T0+1.5Y;C17.2;1332;4724;0.281964437;C
62_C1_T0+1.5Y;C31.10;12;4724;0.00254022;C
62_C1_T0+1.5Y;C21.14;13;4724;0.002751905;C
62_C1_T0+1.5Y;C21.11;16;4724;0.00338696;C
62_C1_T0+1.5Y;C161;64;4724;0.013547841;C
62_C1_T0+1.5Y;C31a;175;4724;0.037044877;C
58_S1_T0+1.5Y;D9;387;7015;0.055167498;D
58_S1_T0+1.5Y;D6;616;7015;0.087811832;D
58_S1_T0+1.5Y;D1a;401;7015;0.057163222;D
58_S1_T0+1.5Y;C17.2;237;7015;0.033784747;C
58_S1_T0+1.5Y;D2.2;432;7015;0.061582324;D
58_S1_T0+1.5Y;C31;75;7015;0.010691376;C
58_S1_T0+1.5Y;D10;820;7015;0.116892373;D
58_S1_T0+1.5Y;D1.6;99;7015;0.014112616;D
58_S1_T0+1.5Y;D17;3159;7015;0.450320741;D
58_S1_T0+1.5Y;D1;789;7015;0.112473272;D
60_S1_T0+1.5Y;D10;1599;13253;0.120651928;D
60_S1_T0+1.5Y;D1.6;194;13253;0.014638195;D
60_S1_T0+1.5Y;D17;6056;13253;0.456953143;D
60_S1_T0+1.5Y;D6;1137;13253;0.085791896;D
60_S1_T0+1.5Y;C31;59;13253;0.004451822;C
60_S1_T0+1.5Y;D1a;1036;13253;0.07817098;D
60_S1_T0+1.5Y;D1;1755;13253;0.132422848;D
60_S1_T0+1.5Y;D9;1014;13253;0.076510979;D
60_S1_T0+1.5Y;C17.2;403;13253;0.030408209;C
92_S1_T0+1.5Y;C161;80;5524;0.014482259;C
92_S1_T0+1.5Y;C21.14;15;5524;0.002715424;C
92_S1_T0+1.5Y;C31c;31;5524;0.005611875;C
92_S1_T0+1.5Y;C17;119;5524;0.021542361;C
92_S1_T0+1.5Y;C31;216;5524;0.0391021;C
92_S1_T0+1.5Y;C3d;2159;5524;0.390839971;C
92_S1_T0+1.5Y;C21;20;5524;0.003620565;C
92_S1_T0+1.5Y;C2r;2139;5524;0.387219406;C
92_S1_T0+1.5Y;C31.10;24;5524;0.004344678;C
92_S1_T0+1.5Y;C163b;92;5524;0.016654598;C
92_S1_T0+1.5Y;C21.11;21;5524;0.003801593;C
92_S1_T0+1.5Y;C17.2;608;5524;0.11006517;C
62_S1_T0+1.5Y;C21.11;22;6286;0.003499841;C
62_S1_T0+1.5Y;C31.9;44;6286;0.006999682;C
62_S1_T0+1.5Y;C31a;325;6286;0.051702195;C
62_S1_T0+1.5Y;C31c;28;6286;0.004454343;C
62_S1_T0+1.5Y;C31.10;40;6286;0.006363347;C
62_S1_T0+1.5Y;C31;361;6286;0.057429208;C
62_S1_T0+1.5Y;C163b;60;6286;0.009545021;C
62_S1_T0+1.5Y;C21;18;6286;0.002863506;C
62_S1_T0+1.5Y;C17.2;2360;6286;0.37543748;C
62_S1_T0+1.5Y;C17;297;6286;0.047247852;C
62_S1_T0+1.5Y;C161;119;6286;0.018930958;C
62_S1_T0+1.5Y;C3d;2612;6286;0.415526567;C
90_S1_T0+1.5Y;C31.5;150;5952;0.025201613;C
90_S1_T0+1.5Y;C17;305;5952;0.05124328;C
90_S1_T0+1.5Y;C31;363;5952;0.060987903;C
90_S1_T0+1.5Y;C3d;1144;5952;0.192204301;C
90_S1_T0+1.5Y;C163b;80;5952;0.01344086;C
90_S1_T0+1.5Y;C2r;1971;5952;0.331149194;C
90_S1_T0+1.5Y;C31.10;49;5952;0.008232527;C
90_S1_T0+1.5Y;C31c;27;5952;0.00453629;C
90_S1_T0+1.5Y;C21.11;14;5952;0.002352151;C
90_S1_T0+1.5Y;C17.2;1677;5952;0.281754032;C
90_S1_T0+1.5Y;C31.9;51;5952;0.008568548;C
90_S1_T0+1.5Y;C161;104;5952;0.017473118;C
90_S1_T0+1.5Y;C21;17;5952;0.002856183;C
64_S1_T0+1.5Y;C31;508;5805;0.087510767;C
64_S1_T0+1.5Y;C31.10;37;5805;0.006373816;C
64_S1_T0+1.5Y;C161;105;5805;0.018087855;C
64_S1_T0+1.5Y;C31a;524;5805;0.090267011;C
64_S1_T0+1.5Y;C163b;70;5805;0.01205857;C
64_S1_T0+1.5Y;C31c;31;5805;0.005340224;C
64_S1_T0+1.5Y;C17.2;3315;5805;0.571059432;C
64_S1_T0+1.5Y;C31.5;45;5805;0.007751938;C
64_S1_T0+1.5Y;C31.6;37;5805;0.006373816;C
64_S1_T0+1.5Y;C31.1;439;5805;0.075624462;C
64_S1_T0+1.5Y;C17;694;5805;0.11955211;C
64Y_S1_T0+1.5Y;C21;26;6187;0.00420236;C
64Y_S1_T0+1.5Y;C31.10;23;6187;0.003717472;C
64Y_S1_T0+1.5Y;C31;218;6187;0.035235171;C
64Y_S1_T0+1.5Y;C161;106;6187;0.017132698;C
64Y_S1_T0+1.5Y;C163b;76;6187;0.012283821;C
64Y_S1_T0+1.5Y;C21.11;17;6187;0.002747697;C
64Y_S1_T0+1.5Y;C31a;264;6187;0.042670115;C
64Y_S1_T0+1.5Y;C17;314;6187;0.050751576;C
64Y_S1_T0+1.5Y;C2r;2003;6187;0.323743333;C
64Y_S1_T0+1.5Y;C3d;1364;6187;0.22046226;C
64Y_S1_T0+1.5Y;C31c;21;6187;0.003394214;C
64Y_S1_T0+1.5Y;C17.2;1755;6187;0.283659286;C
P1R2_S1_T0+1.5Y;C31c;26;7200;0.003611111;C
P1R2_S1_T0+1.5Y;C2r;2376;7200;0.33;C
P1R2_S1_T0+1.5Y;C31.9;25;7200;0.003472222;C
P1R2_S1_T0+1.5Y;C161;115;7200;0.015972222;C
P1R2_S1_T0+1.5Y;C17;300;7200;0.041666667;C
P1R2_S1_T0+1.5Y;C31.10;40;7200;0.005555556;C
P1R2_S1_T0+1.5Y;C17.2;2150;7200;0.298611111;C
P1R2_S1_T0+1.5Y;C163b;72;7200;0.01;C
P1R2_S1_T0+1.5Y;C21.11;27;7200;0.00375;C
P1R2_S1_T0+1.5Y;C31a;401;7200;0.055694444;C
P1R2_S1_T0+1.5Y;C31.6;28;7200;0.003888889;C
P1R2_S1_T0+1.5Y;C3d;1190;7200;0.165277778;C
P1R2_S1_T0+1.5Y;C21;27;7200;0.00375;C
P1R2_S1_T0+1.5Y;C31;423;7200;0.05875;C
P1R2_C2_T0+1.5Y;C31.1;869;12770;0.068050117;C
P1R2_C2_T0+1.5Y;C17.2;4958;12770;0.38825372;C
P1R2_C2_T0+1.5Y;C31.5;94;12770;0.007361002;C
P1R2_C2_T0+1.5Y;C17;547;12770;0.042834769;C
P1R2_C2_T0+1.5Y;C31.6;77;12770;0.006029757;C
P1R2_C2_T0+1.5Y;C163b;135;12770;0.010571652;C
P1R2_C2_T0+1.5Y;C161;142;12770;0.011119812;C
P1R2_C2_T0+1.5Y;C31c;47;12770;0.003680501;C
P1R2_C2_T0+1.5Y;C21;60;12770;0.004698512;C
P1R2_C2_T0+1.5Y;C31.10;70;12770;0.005481597;C
P1R2_C2_T0+1.5Y;C31;1131;12770;0.088566954;C
P1R2_C2_T0+1.5Y;C31a;1022;12770;0.080031323;C
P1R2_C2_T0+1.5Y;C3d;3618;12770;0.283320282;C
19_C2_T0+1.5Y;C21.11;19;8574;0.002216002;C
19_C2_T0+1.5Y;C31;483;8574;0.0563331;C
19_C2_T0+1.5Y;C31.10;41;8574;0.004781899;C
19_C2_T0+1.5Y;C31a;478;8574;0.055749942;C
19_C2_T0+1.5Y;C17.2;2922;8574;0.340797761;C
19_C2_T0+1.5Y;C2r;2247;8574;0.262071379;C
19_C2_T0+1.5Y;C31c;27;8574;0.003149055;C
19_C2_T0+1.5Y;C31.9;36;8574;0.00419874;C
19_C2_T0+1.5Y;C31.6;33;8574;0.003848845;C
19_C2_T0+1.5Y;C17;417;8574;0.048635409;C
19_C2_T0+1.5Y;C21;20;8574;0.002332634;C
19_C2_T0+1.5Y;C163b;133;8574;0.015512013;C
19_C2_T0+1.5Y;C161;198;8574;0.023093072;C
19_C2_T0+1.5Y;C3d;1520;8574;0.177280149;C
64_C2_T0+1.5Y;C17;286;4958;0.05768455;C
64_C2_T0+1.5Y;C31a;190;4958;0.038321904;C
64_C2_T0+1.5Y;C31;179;4958;0.036103267;C
64_C2_T0+1.5Y;C31.9;59;4958;0.01189996;C
64_C2_T0+1.5Y;C31.5;94;4958;0.018959258;C
64_C2_T0+1.5Y;C161;84;4958;0.016942315;C
64_C2_T0+1.5Y;C21.11;18;4958;0.003630496;C
64_C2_T0+1.5Y;C17.2;1490;4958;0.300524405;C
64_C2_T0+1.5Y;C163b;80;4958;0.016135539;C
64_C2_T0+1.5Y;C21;23;4958;0.004638967;C
64_C2_T0+1.5Y;C3d;922;4958;0.185962081;C
64_C2_T0+1.5Y;C31.10;29;4958;0.005849133;C
64_C2_T0+1.5Y;C2r;1485;4958;0.299515934;C
64_C2_T0+1.5Y;C31c;19;4958;0.00383219;C
90_C2_T0+1.5Y;C17;298;6478;0.046001852;C
90_C2_T0+1.5Y;C31.6;22;6478;0.00339611;C
90_C2_T0+1.5Y;C161;86;6478;0.013275702;C
90_C2_T0+1.5Y;C31.10;28;6478;0.004322322;C
90_C2_T0+1.5Y;C31;387;6478;0.059740661;C
90_C2_T0+1.5Y;C3d;1098;6478;0.169496758;C
90_C2_T0+1.5Y;C2r;2082;6478;0.321395492;C
90_C2_T0+1.5Y;C21;16;6478;0.002469898;C
90_C2_T0+1.5Y;C17.2;1949;6478;0.300864464;C
90_C2_T0+1.5Y;C21.11;21;6478;0.003241741;C
90_C2_T0+1.5Y;C31a;376;6478;0.058042606;C
90_C2_T0+1.5Y;C31.9;27;6478;0.004167953;C
90_C2_T0+1.5Y;C31c;28;6478;0.004322322;C
90_C2_T0+1.5Y;C163b;60;6478;0.009262118;C
19_S2_T0+1.5Y;C31a;610;11158;0.054669296;C
19_S2_T0+1.5Y;C31.10;42;11158;0.003764115;C
19_S2_T0+1.5Y;C17;534;11158;0.047858039;C
19_S2_T0+1.5Y;C21.11;38;11158;0.003405628;C
19_S2_T0+1.5Y;C163b;106;11158;0.00949991;C
19_S2_T0+1.5Y;C2r;2995;11158;0.268417279;C
19_S2_T0+1.5Y;C31.9;27;11158;0.002419788;C
19_S2_T0+1.5Y;C31;561;11158;0.050277828;C
19_S2_T0+1.5Y;C17.2;3882;11158;0.347911812;C
19_S2_T0+1.5Y;C21;28;11158;0.00250941;C
19_S2_T0+1.5Y;C31.6;51;11158;0.004570712;C
19_S2_T0+1.5Y;C161;277;11158;0.024825237;C
19_S2_T0+1.5Y;C31c;29;11158;0.002599032;C
19_S2_T0+1.5Y;C3d;1978;11158;0.177271913;C
62_S2_T0+1.5Y;C163b;106;6515;0.016270146;C
62_S2_T0+1.5Y;C161;131;6515;0.020107444;C
62_S2_T0+1.5Y;C31.9;38;6515;0.005832694;C
62_S2_T0+1.5Y;C3d;1158;6515;0.177743668;C
62_S2_T0+1.5Y;C31.6;36;6515;0.00552571;C
62_S2_T0+1.5Y;C31a;385;6515;0.059094398;C
62_S2_T0+1.5Y;C31.10;28;6515;0.004297774;C
62_S2_T0+1.5Y;C2r;1704;6515;0.261550269;C
62_S2_T0+1.5Y;C21;18;6515;0.002762855;C
62_S2_T0+1.5Y;C31;385;6515;0.059094398;C
62_S2_T0+1.5Y;C17.2;2232;6515;0.342594014;C
62_S2_T0+1.5Y;C31c;20;6515;0.003069839;C
62_S2_T0+1.5Y;C21.11;16;6515;0.002455871;C
62_S2_T0+1.5Y;C17;258;6515;0.039600921;C
64Y_S2_T0+1.5Y;C163b;33;2430;0.013580247;C
64Y_S2_T0+1.5Y;C3d;569;2430;0.234156379;C
64Y_S2_T0+1.5Y;C31;84;2430;0.034567901;C
64Y_S2_T0+1.5Y;C31c;12;2430;0.004938272;C
64Y_S2_T0+1.5Y;C17;109;2430;0.044855967;C
64Y_S2_T0+1.5Y;C31a;101;2430;0.041563786;C
64Y_S2_T0+1.5Y;C31.10;11;2430;0.004526749;C
64Y_S2_T0+1.5Y;C21;14;2430;0.005761317;C
64Y_S2_T0+1.5Y;C2r;785;2430;0.323045267;C
64Y_S2_T0+1.5Y;C161;40;2430;0.016460905;C
P1R2_S2_T0+1.5Y;C31c;10;2385;0.004192872;C
P1R2_S2_T0+1.5Y;C31.10;11;2385;0.004612159;C
P1R2_S2_T0+1.5Y;C31.6;10;2385;0.004192872;C
P1R2_S2_T0+1.5Y;C31a;185;2385;0.077568134;C
P1R2_S2_T0+1.5Y;C17.2;1433;2385;0.600838574;C
P1R2_S2_T0+1.5Y;C17;266;2385;0.111530398;C
P1R2_S2_T0+1.5Y;C31;201;2385;0.08427673;C
P1R2_S2_T0+1.5Y;C163b;19;2385;0.007966457;C
P1R2_S2_T0+1.5Y;C31.1;213;2385;0.089308176;C
P1R2_S2_T0+1.5Y;C161;37;2385;0.015513627;C
92_S2_T0+1.5Y;C17.2;865;3261;0.265256056;C
92_S2_T0+1.5Y;C17;152;3261;0.046611469;C
92_S2_T0+1.5Y;C31.10;17;3261;0.005213125;C
92_S2_T0+1.5Y;C163b;33;3261;0.010119595;C
92_S2_T0+1.5Y;C31;97;3261;0.029745477;C
92_S2_T0+1.5Y;C31c;12;3261;0.003679853;C
92_S2_T0+1.5Y;C31a;96;3261;0.029438822;C
92_S2_T0+1.5Y;C161;47;3261;0.014412757;C
92_S2_T0+1.5Y;C2r;1138;3261;0.348972708;C
92_S2_T0+1.5Y;C3d;781;3261;0.239497087;C
92_S2_T0+1.5Y;C21;10;3261;0.003066544;C
92_S2_T0+1.5Y;C21.14;7;3261;0.002146581;C
92_S2_T0+1.5Y;C21.11;13;3261;0.003986507;C
64_S2_T0+1.5Y;C161;69;4476;0.01541555;C
64_S2_T0+1.5Y;C21;19;4476;0.004244861;C
64_S2_T0+1.5Y;C31;274;4476;0.061215371;C
64_S2_T0+1.5Y;C21.11;16;4476;0.00357462;C
64_S2_T0+1.5Y;C163b;61;4476;0.013628239;C
64_S2_T0+1.5Y;C17.2;1361;4476;0.30406613;C
64_S2_T0+1.5Y;C31a;300;4476;0.067024129;C
64_S2_T0+1.5Y;C2r;1439;4476;0.321492404;C
64_S2_T0+1.5Y;C31.9;23;4476;0.005138517;C
64_S2_T0+1.5Y;C31.10;19;4476;0.004244861;C
64_S2_T0+1.5Y;C31c;17;4476;0.003798034;C
64_S2_T0+1.5Y;C17;169;4476;0.037756926;C
64_S2_T0+1.5Y;C3d;709;4476;0.158400357;C
90_S2_T0+1.5Y;C161;130;8393;0.015489098;C
90_S2_T0+1.5Y;C17.2;2348;8393;0.27975694;C
90_S2_T0+1.5Y;C21.11;26;8393;0.00309782;C
90_S2_T0+1.5Y;C31c;24;8393;0.002859526;C
90_S2_T0+1.5Y;C21;25;8393;0.002978673;C
90_S2_T0+1.5Y;C17;436;8393;0.051948052;C
90_S2_T0+1.5Y;C31;285;8393;0.033956869;C
90_S2_T0+1.5Y;C3d;1767;8393;0.210532587;C
90_S2_T0+1.5Y;C31.5;243;8393;0.028952699;C
90_S2_T0+1.5Y;C2r;2550;8393;0.303824616;C
90_S2_T0+1.5Y;C31.10;70;8393;0.008340284;C
90_S2_T0+1.5Y;C31a;276;8393;0.032884547;C
90_S2_T0+1.5Y;C31.9;87;8393;0.010365781;C
90_S2_T0+1.5Y;C163b;110;8393;0.01310616;C
90_S2_T0+1.5Y;C21.14;16;8393;0.001906351;C
90_C3_T0+1.5Y;C21.11;13;3009;0.004320372;C
90_C3_T0+1.5Y;C21;17;3009;0.005649718;C
90_C3_T0+1.5Y;C161;41;3009;0.013625789;C
90_C3_T0+1.5Y;C31;177;3009;0.058823529;C
90_C3_T0+1.5Y;C3d;565;3009;0.187770023;C
90_C3_T0+1.5Y;C31.10;25;3009;0.008308408;C
90_C3_T0+1.5Y;C17.2;904;3009;0.300432037;C
90_C3_T0+1.5Y;C31.5;75;3009;0.024925224;C
90_C3_T0+1.5Y;C17;158;3009;0.052509139;C
90_C3_T0+1.5Y;C2r;966;3009;0.321036889;C
90_C3_T0+1.5Y;C163b;44;3009;0.014622798;C
90_C3_T0+1.5Y;C31.9;24;3009;0.007976072;C
90_C3_T0+1.5Y;C31c;8;3009;0.002658691;C
64_C3_T0+1.5Y;C17.2;589;1896;0.002658691;C
64_C3_T0+1.5Y;C31c;3;1896;0.002658691;C
64_C3_T0+1.5Y;C163b;38;1896;0.002658691;C
64_C3_T0+1.5Y;C21;2;1896;0.002658691;C
64_C3_T0+1.5Y;C17;68;1896;0.002658691;C
64_C3_T0+1.5Y;C31.5;7;1896;0.002658691;C
64_C3_T0+1.5Y;C31.10;4;1896;0.002658691;C
64_C3_T0+1.5Y;C31.9;2;1896;0.002658691;C
64_C3_T0+1.5Y;C31;177;1896;0.002658691;C
64_C3_T0+1.5Y;C161;46;1896;0.002658691;C
64_C3_T0+1.5Y;C21.11;5;1896;0.002658691;C
64_C3_T0+1.5Y;C2r;648;1896;0.002658691;C
64_C3_T0+1.5Y;C3d;330;1896;0.002658691;C
P1R2_C3_T0+1.5Y;C31.1;273;3292;0.002658691;C
P1R2_C3_T0+1.5Y;C31a;268;3292;0.002658691;C
P1R2_C3_T0+1.5Y;C161;61;3292;0.002658691;C
P1R2_C3_T0+1.5Y;C163b;40;3292;0.002658691;C
P1R2_C3_T0+1.5Y;C31;245;3292;0.002658691;C
P1R2_C3_T0+1.5Y;C17;352;3292;0.002658691;C
P1R2_C3_T0+1.5Y;C31.6;24;3292;0.002658691;C
P1R2_C3_T0+1.5Y;C17.2;1996;3292;0.002658691;C
P1R2_C3_T0+1.5Y;C31.10;18;3292;0.002658691;C
P1R2_C3_T0+1.5Y;C31c;15;3292;0.002658691;C
60_C3_T0+1.5Y;D17;2846;6180;0.002658691;D
60_C3_T0+1.5Y;D9;336;6180;0.002658691;D
60_C3_T0+1.5Y;D2.2;371;6180;0.002658691;D
60_C3_T0+1.5Y;D6;467;6180;0.002658691;D
60_C3_T0+1.5Y;C31;50;6180;0.002658691;C
60_C3_T0+1.5Y;C17.2;321;6180;0.002658691;C
60_C3_T0+1.5Y;D1;1429;6180;0.002658691;D
60_C3_T0+1.5Y;D1a;360;6180;0.002658691;D
62_C3_T0+1.5Y;C163b;50;4932;0.002658691;C
62_C3_T0+1.5Y;C17.2;1267;4932;0.002658691;C
62_C3_T0+1.5Y;C17;245;4932;0.002658691;C
62_C3_T0+1.5Y;C31.10;36;4932;0.002658691;C
62_C3_T0+1.5Y;C2r;1676;4932;0.002658691;C
62_C3_T0+1.5Y;C31a;165;4932;0.002658691;C
62_C3_T0+1.5Y;C3d;1171;4932;0.002658691;C
62_C3_T0+1.5Y;C31;167;4932;0.002658691;C
62_C3_T0+1.5Y;C21.11;23;4932;0.002658691;C
62_C3_T0+1.5Y;C21.14;13;4932;0.002658691;C
62_C3_T0+1.5Y;C31c;17;4932;0.002658691;C
62_C3_T0+1.5Y;C161;90;4932;0.002658691;C
62_C3_T0+1.5Y;C21;12;4932;0.002658691;C
64Y_C3_T0+1.5Y;C31.10;41;5565;0.002658691;C
64Y_C3_T0+1.5Y;C163b;74;5565;0.002658691;C
64Y_C3_T0+1.5Y;C2r;1807;5565;0.002658691;C
64Y_C3_T0+1.5Y;C161;121;5565;0.002658691;C
64Y_C3_T0+1.5Y;C21;28;5565;0.002658691;C
64Y_C3_T0+1.5Y;C17;315;5565;0.002658691;C
64Y_C3_T0+1.5Y;C3d;1198;5565;0.002658691;C
64Y_C3_T0+1.5Y;C31;199;5565;0.002658691;C
64Y_C3_T0+1.5Y;C31c;21;5565;0.002658691;C
64Y_C3_T0+1.5Y;C17.2;1549;5565;0.002658691;C
64Y_C3_T0+1.5Y;C31a;212;5565;0.002658691;C
64_S3_T0+1.5Y;C31a;10;173;0.002658691;C
64_S3_T0+1.5Y;C161;2;173;0.002658691;C
64_S3_T0+1.5Y;C3d;130;173;0.002658691;C
64_S3_T0+1.5Y;C17.2;19;173;0.002658691;C
64_S3_T0+1.5Y;C31.10;1;173;0.002658691;C
64_S3_T0+1.5Y;C17;4;173;0.002658691;C
64_S3_T0+1.5Y;C163b;1;173;0.002658691;C
64_S3_T0+1.5Y;C31;14;173;0.002658691;C
19_S3_T0+1.5Y;C17;478;8854;0.002658691;C
19_S3_T0+1.5Y;C2r;2365;8854;0.002658691;C
19_S3_T0+1.5Y;C161;210;8854;0.002658691;C
19_S3_T0+1.5Y;C31a;440;8854;0.002658691;C
19_S3_T0+1.5Y;C163b;106;8854;0.002658691;C
19_S3_T0+1.5Y;C31.9;33;8854;0.002658691;C
19_S3_T0+1.5Y;C3d;1584;8854;0.002658691;C
19_S3_T0+1.5Y;C21;33;8854;0.002658691;C
19_S3_T0+1.5Y;C31.10;45;8854;0.002658691;C
19_S3_T0+1.5Y;C17.2;3035;8854;0.002658691;C
19_S3_T0+1.5Y;C31;441;8854;0.002658691;C
19_S3_T0+1.5Y;C31c;39;8854;0.002658691;C
19_S3_T0+1.5Y;C31.6;45;8854;0.002658691;C
58_S3_T0+1.5Y;D9;632;10816;0.002658691;D
58_S3_T0+1.5Y;D1;1281;10816;0.002658691;D
58_S3_T0+1.5Y;D1a;568;10816;0.002658691;D
58_S3_T0+1.5Y;C17.2;356;10816;0.002658691;C
58_S3_T0+1.5Y;D1.6;145;10816;0.002658691;D
58_S3_T0+1.5Y;D10;1221;10816;0.002658691;D
58_S3_T0+1.5Y;D6;874;10816;0.002658691;D
58_S3_T0+1.5Y;D17;4963;10816;0.002658691;D
58_S3_T0+1.5Y;C31;60;10816;0.002658691;C
58_S3_T0+1.5Y;D2.2;716;10816;0.002658691;D
62_S3_T0+1.5Y;C31.5;21;491;0.002658691;C
62_S3_T0+1.5Y;C31a;20;491;0.002658691;C
62_S3_T0+1.5Y;C17;34;491;0.002658691;C
62_S3_T0+1.5Y;C17.2;155;491;0.002658691;C
62_S3_T0+1.5Y;C31.9;5;491;0.002658691;C
62_S3_T0+1.5Y;C21;2;491;0.002658691;C
62_S3_T0+1.5Y;C161;11;491;0.002658691;C
62_S3_T0+1.5Y;C31;20;491;0.002658691;C
62_S3_T0+1.5Y;C163b;5;491;0.002658691;C
62_S3_T0+1.5Y;C31.10;6;491;0.002658691;C
62_S3_T0+1.5Y;C3d;230;491;0.002658691;C
P1R2_S3_T0+1.5Y;C31;349;5661;0.002658691;C
P1R2_S3_T0+1.5Y;C163b;74;5661;0.002658691;C
P1R2_S3_T0+1.5Y;C21.11;18;5661;0.002658691;C
P1R2_S3_T0+1.5Y;C161;80;5661;0.002658691;C
P1R2_S3_T0+1.5Y;C17;219;5661;0.002658691;C
P1R2_S3_T0+1.5Y;C31c;21;5661;0.002658691;C
P1R2_S3_T0+1.5Y;C31.10;32;5661;0.002658691;C
P1R2_S3_T0+1.5Y;C17.2;1983;5661;0.002658691;C
P1R2_S3_T0+1.5Y;C31a;340;5661;0.002658691;C
P1R2_S3_T0+1.5Y;C31.6;40;5661;0.002658691;C
P1R2_S3_T0+1.5Y;C3d;935;5661;0.002658691;C
P1R2_S3_T0+1.5Y;C2r;1510;5661;0.002658691;C
P1R2_S3_T0+1.5Y;C31.9;39;5661;0.002658691;C
P1R2_S3_T0+1.5Y;C21;21;5661;0.002658691;C
60_C2_T0+1.5Y;D1.6;396;29215;0.002658691;D
60_C2_T0+1.5Y;C31;144;29215;0.002658691;C
60_C2_T0+1.5Y;D2.2;1724;29215;0.002658691;D
60_C2_T0+1.5Y;D1a;1580;29215;0.002658691;D
60_C2_T0+1.5Y;C17.2;974;29215;0.002658691;C
60_C2_T0+1.5Y;D6;2577;29215;0.002658691;D
60_C2_T0+1.5Y;D9;1633;29215;0.002658691;D
60_C2_T0+1.5Y;D1;3616;29215;0.002658691;D
60_C2_T0+1.5Y;D10;3454;29215;0.002658691;D
60_C2_T0+1.5Y;D17;13117;29215;0.002658691;D
19_C2_T0-18h;C163b;7;253;0.002658691;C
19_C2_T0-18h;C31c;5;253;0.002658691;C
19_C2_T0-18h;C21;2;253;0.002658691;C
19_C2_T0-18h;C17;22;253;0.002658691;C
19_C2_T0-18h;C31.1;7;253;0.002658691;C
19_C2_T0-18h;C31.10;4;253;0.002658691;C
19_C2_T0-18h;C31a;23;253;0.002658691;C
19_C2_T0-18h;C3d;99;253;0.002658691;C
19_C2_T0-18h;C17.2;89;253;0.002658691;C
19_C2_T0-18h;C31.9;7;253;0.002658691;C
19_C2_T0-18h;C31;20;253;0.002658691;C
19_C2_T0-18h;C161;6;253;0.002658691;C
P1R2_C3_T0+6M;C31;30;272;0.110294118;C
P1R2_C3_T0+6M;C31.5;2;272;0.007352941;C
P1R2_C3_T0+6M;C17.2;106;272;0.389705882;C
P1R2_C3_T0+6M;C163b;1;272;0.003676471;C
P1R2_C3_T0+6M;C2r;122;272;0.448529412;C
P1R2_C3_T0+6M;C31.10;1;272;0.003676471;C
P1R2_C3_T0+6M;C161;2;272;0.007352941;C
P1R2_C3_T0+6M;C31c;1;272;0.003676471;C
P1R2_C3_T0+6M;C31.6;2;272;0.007352941;C
P1R2_C3_T0+6M;C31.1;14;272;0.051470588;C
60_C3_T0+6M;D1;110;451;0.243902439;D
60_C3_T0+6M;D1a;76;451;0.168514412;D
60_C3_T0+6M;D6;37;451;0.082039911;D
60_C3_T0+6M;D17;228;451;0.505543237;D
62_C3_T0+6M;C31.10;2;290;0.006896552;C
62_C3_T0+6M;C21;2;290;0.006896552;C
62_C3_T0+6M;C3d;57;290;0.196551724;C
62_C3_T0+6M;C31c;3;290;0.010344828;C
62_C3_T0+6M;C161;6;290;0.020689655;C
62_C3_T0+6M;C163b;1;290;0.003448276;C
62_C3_T0+6M;C2r;118;290;0.406896552;C
62_C3_T0+6M;C17;14;290;0.048275862;C
62_C3_T0+6M;C31;24;290;0.082758621;C
62_C3_T0+6M;C17.2;77;290;0.265517241;C
62_C3_T0+6M;C31.9;1;290;0.003448276;C
64Y_C3_T0+6M;C31;23;353;0.065155807;C
64Y_C3_T0+6M;C161;3;353;0.008498584;C
64Y_C3_T0+6M;C31.10;2;353;0.005665722;C
64Y_C3_T0+6M;C31a;12;353;0.033994334;C
64Y_C3_T0+6M;C21;1;353;0.002832861;C
64Y_C3_T0+6M;C163b;2;353;0.005665722;C
64Y_C3_T0+6M;C3d;179;353;0.507082153;C
64Y_C3_T0+6M;C17.2;110;353;0.311614731;C
64Y_C3_T0+6M;C17;29;353;0.082152975;C
62_S3_T0+6M;C31.5;16;523;0.030592734;C
62_S3_T0+6M;C31.9;5;523;0.009560229;C
62_S3_T0+6M;C17;31;523;0.059273423;C
62_S3_T0+6M;C3d;311;523;0.594646272;C
62_S3_T0+6M;C21;4;523;0.007648184;C
62_S3_T0+6M;C31.10;2;523;0.003824092;C
62_S3_T0+6M;C161;8;523;0.015296367;C
62_S3_T0+6M;C17.2;140;523;0.267686424;C
62_S3_T0+6M;C31;25;523;0.047801147;C
62_S3_T0+6M;C163b;4;523;0.007648184;C
62_S3_T0+6M;C31.6;3;523;0.005736138;C
64_S3_T0+6M;C31;19;354;0.053672316;C
64_S3_T0+6M;C17.2;91;354;0.257062147;C
64_S3_T0+6M;C17;13;354;0.036723164;C
64_S3_T0+6M;C161;6;354;0.016949153;C
64_S3_T0+6M;C31a;14;354;0.039548023;C
64_S3_T0+6M;C163b;6;354;0.016949153;C
64_S3_T0+6M;C3d;217;354;0.61299435;C
64_S3_T0+6M;C21;2;354;0.005649718;C
64_S3_T0+6M;C21.11;2;354;0.005649718;C
92_S3_T0+6M;C161;27;1478;0.01826793;C
92_S3_T0+6M;C31;55;1478;0.037212449;C
92_S3_T0+6M;C3d;537;1478;0.363328823;C
92_S3_T0+6M;C17.2;151;1478;0.102165088;C
92_S3_T0+6M;C21;3;1478;0.00202977;C
92_S3_T0+6M;C31c;4;1478;0.00270636;C
92_S3_T0+6M;C21.11;4;1478;0.00270636;C
92_S3_T0+6M;C17;30;1478;0.0202977;C
92_S3_T0+6M;C31.10;10;1478;0.0067659;C
92_S3_T0+6M;C163b;19;1478;0.01285521;C
92_S3_T0+6M;C2r;649;1478;0.439106901;C
19_S3_T0+6M;C163b;8;484;0.016528926;C
19_S3_T0+6M;C3d;85;484;0.175619835;C
19_S3_T0+6M;C21.11;1;484;0.002066116;C
19_S3_T0+6M;C31c;2;484;0.004132231;C
19_S3_T0+6M;C17.2;167;484;0.345041322;C
19_S3_T0+6M;C31a;37;484;0.076446281;C
19_S3_T0+6M;C31;34;484;0.070247934;C
19_S3_T0+6M;C31.9;3;484;0.006198347;C
19_S3_T0+6M;C17;17;484;0.035123967;C
19_S3_T0+6M;C21;1;484;0.002066116;C
19_S3_T0+6M;C161;15;484;0.030991736;C
19_S3_T0+6M;C2r;129;484;0.266528926;C
19_S3_T0+6M;C31.5;7;484;0.01446281;C
19_S3_T0+6M;C31.10;1;484;0.002066116;C
P1R2_S3_T0+6M;C31.5;3;382;0.007853403;C
P1R2_S3_T0+6M;C17;17;382;0.044502618;C
P1R2_S3_T0+6M;C17.2;149;382;0.390052356;C
P1R2_S3_T0+6M;C161;8;382;0.020942408;C
P1R2_S3_T0+6M;C163b;2;382;0.005235602;C
P1R2_S3_T0+6M;C31a;36;382;0.094240838;C
P1R2_S3_T0+6M;C31.6;4;382;0.010471204;C
P1R2_S3_T0+6M;C21;1;382;0.002617801;C
P1R2_S3_T0+6M;C31.9;3;382;0.007853403;C
P1R2_S3_T0+6M;C31.10;1;382;0.002617801;C
P1R2_S3_T0+6M;C3d;159;382;0.416230366;C
P1R2_S3_T0+6M;C31;21;382;0.054973822;C
58_S3_T0+6M;D6;176;1669;0.105452367;D
58_S3_T0+6M;D1a;130;1669;0.077890953;D
58_S3_T0+6M;D1;403;1669;0.241461953;D
58_S3_T0+6M;D9;126;1669;0.075494308;D
58_S3_T0+6M;D17;834;1669;0.499700419;D
90_S3_T0+6M;C161;6;348;0.017241379;C
90_S3_T0+6M;C31.1;35;348;0.100574713;C
90_S3_T0+6M;C17.2;240;348;0.689655172;C
90_S3_T0+6M;C31.5;5;348;0.014367816;C
90_S3_T0+6M;C31.10;2;348;0.005747126;C
90_S3_T0+6M;C31c;4;348;0.011494253;C
90_S3_T0+6M;C31;73;348;0.209770115;C
58_C2_T0-18h;D6;105;1440;0.072916667;D
58_C2_T0-18h;D1;177;1440;0.122916667;D
58_C2_T0-18h;D10;146;1440;0.101388889;D
58_C2_T0-18h;C31;23;1440;0.015972222;C
58_C2_T0-18h;D17;657;1440;0.45625;D
58_C2_T0-18h;D1a;96;1440;0.066666667;D
58_C2_T0-18h;C161;4;1440;0.002777778;C
58_C2_T0-18h;D9;121;1440;0.084027778;D
58_C2_T0-18h;C17.2;115;1440;0.079861111;C
90_S3_T0-18h;C161;7;1139;0.006145742;C
90_S3_T0-18h;C17;52;1139;0.045654083;C
90_S3_T0-18h;C21;5;1139;0.004389816;C
90_S3_T0-18h;C17.2;260;1139;0.228270413;C
90_S3_T0-18h;C31.10;8;1139;0.007023705;C
90_S3_T0-18h;C31;53;1139;0.046532046;C
90_S3_T0-18h;C31.5;25;1139;0.021949078;C
90_S3_T0-18h;C2r;420;1139;0.368744513;C
90_S3_T0-18h;C3d;296;1139;0.259877085;C
90_S3_T0-18h;C163b;10;1139;0.008779631;C
90_S3_T0-18h;C31.9;23;1139;0.020193152;C
